symbol,price,price_date,name,type
103010,11.44,2026-07-23,טיב טעם,מניה רגילה
106013,7.071,2026-07-23,קנדה גלובל,מניה רגילה
111013,6.156,2026-07-23,י.ב התחדשות,מניה רגילה
126011,13.65,2026-07-23,ג'י סיטי,מניה רגילה
127019,437,2026-07-23,מבטח שמיר,מניה רגילה
130013,49.64,2026-07-23,זנלכל,מניה רגילה
136010,11.64,2026-07-23,להב,מניה רגילה
142018,3.584,2026-07-23,תדאה,מניה רגילה
149013,234,2026-07-23,גולד,מניה רגילה
150011,2131.2,2026-07-23,חירון,מניה רגילה
161018,63.46,2026-07-23,וואן טכנולוגיות,מניה רגילה
168013,213.4,2026-07-23,נטו אחזקות,מניה רגילה
169011,2.902,2026-07-23,סולטרה אנרגיה,מניה רגילה
174011,56.9,2026-07-23,אינטרגאמא,מניה רגילה
175018,458.1,2026-07-23,איביאי בית השק,מניה רגילה
180018,23.32,2026-07-23,אנגל שלמה,מניה רגילה
199018,0.05,2026-07-23,פורסייט,מניה רגילה
200014,3.704,2026-07-23,לוינסקי עופר,מניה רגילה
208017,47.2,2026-07-23,נאוי,מניה רגילה
209015,143.6,2026-07-23,איילון,מניה רגילה
216010,1.32,2026-07-23,טקטונה,מניה רגילה
224014,242.8,2026-07-23,כלל עסקי ביטוח,מניה רגילה
226019,13.22,2026-07-23,מבנה,מניה רגילה
230011,7.446,2026-07-23,בזק,מניה רגילה
232017,2.06,2026-07-23,ישראמקו יהש,יחידת השתתפות
235010,10.52,2026-07-23,בית הזהב,מניה רגילה
249011,2.694,2026-07-23,שיח מדיקל,מניה רגילה
256016,334.7,2026-07-23,פורמולה מערכות,מניה רגילה
257014,1.749,2026-07-23,מרחביה אחזקות,מניה רגילה
258012,190.1,2026-07-23,תדיראן גרופ,מניה רגילה
266015,0.395,2026-07-23,רובוגרופ,מניה רגילה
273011,273.4,2026-07-23,נייס,מניה רגילה
278010,6.26,2026-07-23,וילק,מניה רגילה
280016,146.9,2026-07-23,קסטרו,מניה רגילה
281014,16.45,2026-07-23,איי.סי.אל,מניה רגילה
282012,43.34,2026-07-23,אימקו,מניה רגילה
286013,25.61,2026-07-23,ברן,מניה רגילה
288019,292,2026-07-23,סקופ,מניה רגילה
290023,0.219,2026-07-23,תעוזה,מניה רגילה
297010,0.535,2026-07-23,אברות,מניה רגילה
299016,13.38,2026-07-23,אראסאל,מניה רגילה
312017,84.98,2026-07-23,עשות,מניה רגילה
313015,6.187,2026-07-23,אספן גרופ,מניה רגילה
314013,451,2026-07-23,דנאל,מניה רגילה
315010,198.6,2026-07-23,פמס,מניה רגילה
323014,412,2026-07-23,מליסרון,מניה רגילה
328013,360.1,2026-07-23,פריורטק,מניה רגילה
333013,3.58,2026-07-23,פנינסולה,מניה רגילה
338012,52.45,2026-07-23,מר,מניה רגילה
341016,5.868,2026-07-23,"שדה נדל""ן",מניה רגילה
345017,2.082,2026-07-23,מודיעין יהש,יחידת השתתפות
350017,39.14,2026-07-23,ויז'ן סיגמא,מניה רגילה
351015,33.09,2026-07-23,חד,מניה רגילה
354019,355.6,2026-07-23,טלסיס,מניה רגילה
363010,1.3,2026-07-23,אירודרום קבוצה,מניה רגילה
366013,4.82,2026-07-23,ארי נדלן,מניה רגילה
368019,47.23,2026-07-23,אלקטריאון,מניה רגילה
371013,61.14,2026-07-23,וילי פוד,מניה רגילה
373019,16.11,2026-07-23,אאורה,מניה רגילה
382010,5.27,2026-07-23,פיקס סולושנז,מניה רגילה
383018,0.302,2026-07-23,אקסיליון,מניה רגילה
384016,15.51,2026-07-23,חמת,מניה רגילה
386011,7.599,2026-07-23,קווינקו,מניה רגילה
387019,252.9,2026-07-23,אלרוב נדלן,מניה רגילה
390013,32.74,2026-07-23,אלוני חץ,מניה רגילה
393017,43.67,2026-07-23,ראלקו,מניה רגילה
394015,4.55,2026-07-23,רציו יהש,יחידת השתתפות
397018,5.94,2026-07-23,עין שלישית,מניה רגילה
399014,12.88,2026-07-23,בריל,מניה רגילה
400010,257.3,2026-07-23,דוניץ,מניה רגילה
412015,70.08,2026-07-23,פייטון,מניה רגילה
413013,17.23,2026-07-23,קשרי תעופה,מניה רגילה
416016,173.6,2026-07-23,וילאר,מניה רגילה
421016,8.772,2026-07-23,נתנאל גרופ,מניה רגילה
422014,58.56,2026-07-23,אסאר אקורד,מניה רגילה
424010,4.024,2026-07-23,בליץ,מניה רגילה
425017,27.27,2026-07-23,צרפתי,מניה רגילה
431015,790.5,2026-07-23,אייאיאס,מניה רגילה
433011,0.39,2026-07-23,נקסטייג',מניה רגילה
434019,17.41,2026-07-23,ישראל קנדה,מניה רגילה
440016,19.78,2026-07-23,כרמית,מניה רגילה
442012,21.89,2026-07-23,סיאי,מניה רגילה
444018,21.21,2026-07-23,אביב בניה,מניה רגילה
445015,87.08,2026-07-23,מטריקס,מניה רגילה
448019,0.763,2026-07-23,גיבוי אחזקות,מניה רגילה
454017,18.48,2026-07-23,גאון קבוצה,מניה רגילה
456012,1,2026-07-23,אפסלון ברנדס,מניה רגילה
462010,2.274,2026-07-23,טוגדר,מניה רגילה
473017,4.979,2026-07-23,לוזון קבוצה,מניה רגילה
475020,16.88,2026-07-23,ניו-מד אנרג יהש,יחידת השתתפות
485011,0.26,2026-07-23,בונוס ביוגרופ,מניה רגילה
486027,0.859,2026-07-23,וויי בוקס,מניה רגילה
494013,0.493,2026-07-23,מיה דיינמיקס,מניה רגילה
506022,0.626,2026-07-23,גבעות יהש,יחידת השתתפות
507012,301.3,2026-07-23,מיחשוב ישר קב,מניה רגילה
522011,25.97,2026-07-23,כפרית,מניה רגילה
526012,8.365,2026-07-23,רבד,מניה רגילה
530014,8.684,2026-07-23,בירמן,מניה רגילה
531012,41.17,2026-07-23,בוני תיכון,מניה רגילה
532010,21.34,2026-07-23,גן שמואל,מניה רגילה
536011,2.407,2026-07-23,ברנד,מניה רגילה
539015,71.93,2026-07-23,רוטשטיין,מניה רגילה
543017,17.65,2026-07-23,כנפיים,מניה רגילה
544015,0.369,2026-07-23,מידאס,מניה רגילה
550012,42.49,2026-07-23,אסטיגי,מניה רגילה
566018,492.2,2026-07-23,מנורה מב החז,מניה רגילה
573014,400.3,2026-07-23,לוינשטין הנדסה,מניה רגילה
576017,821.5,2026-07-23,חברה לישראל,מניה רגילה
578013,608,2026-07-23,אפקון החזקות,מניה רגילה
584011,16.73,2026-07-23,ליבנטל,מניה רגילה
585018,179.5,2026-07-23,הראל השקעות,מניה רגילה
587014,27.44,2026-07-23,ארית תעשיות,מניה רגילה
589010,19.35,2026-07-23,אמיליה פיתוח,מניה רגילה
593038,231.6,2026-07-23,בינלאומי,מניה רגילה
604611,71.03,2026-07-23,לאומי,מנית סטוק
612010,38.67,2026-07-23,הכשרת הישוב,מניה רגילה
613034,851.1,2026-07-23,ישרס,מניה רגילה
621011,83.2,2026-07-23,קרור,מניה רגילה
625012,26.89,2026-07-23,עלבד,מניה רגילה
627034,172.2,2026-07-23,דלתא גליל,מניה רגילה
629014,95.33,2026-07-23,טבע,מניה רגילה
634030,15.33,2026-07-23,שמן נדלן,מניה רגילה
639013,7.843,2026-07-23,דיסקונט השקעות,מניה רגילה
642017,80.82,2026-07-23,לפידות קפיטל,מניה רגילה
643015,25.02,2026-07-23,נפטא,מניה רגילה
644013,43.79,2026-07-23,פלרם,מניה רגילה
654012,11.89,2026-07-23,אמנת,מניה רגילה
660019,8.22,2026-07-23,ניסן,מניה רגילה
662577,72.3,2026-07-23,פועלים,מניה רגילה
666016,0.498,2026-07-23,לוזון אשראי,מניה רגילה
673012,0.583,2026-07-23,ריי טי אל וי,מניה רגילה
675017,11.93,2026-07-23,אברבוך,מניה רגילה
686014,296.1,2026-07-23,מהדרין,מניה רגילה
691212,31.85,2026-07-23,דיסקונט א,מניה רגילה
694034,144.9,2026-07-23,אלקו,מניה רגילה
695437,226.4,2026-07-23,מזרחי טפחות,מניה רגילה
699017,292.2,2026-07-23,נכסים ובנין,מניה רגילה
704015,67.83,2026-07-23,יצוא,מניה רגילה
715011,16.34,2026-07-23,אזורים,מניה רגילה
716019,231.2,2026-07-23,מטעי הדר 1,מניה רגילה
716035,1060,2026-07-23,מטעי הדר 5,מניה רגילה
720011,282.4,2026-07-23,אנלייט אנרגיה,מניה רגילה
723007,8.891,2026-07-23,נורסטאר,מניה רגילה
726018,21.64,2026-07-23,ירושלים,מניה רגילה
727016,4.586,2026-07-23,פלסטו קרגל,מניה רגילה
730010,11.94,2026-07-23,צור,מניה רגילה
731018,140.5,2026-07-23,מלם-תים אחזקות,מניה רגילה
739037,116.9,2026-07-23,אלקטרה,מניה רגילה
744011,21.43,2026-07-23,גיקס,מניה רגילה
745018,52.51,2026-07-23,פוליגון,מניה רגילה
746016,115.4,2026-07-23,שטראוס,מניה רגילה
749077,3.58,2026-07-23,אלרון,מניה רגילה
753012,21.04,2026-07-23,לודזיה,מניה רגילה
755017,117.9,2026-07-23,אקויטל,מניה רגילה
756015,4.998,2026-07-23,פטרוכימיים,מניה רגילה
759019,37.8,2026-07-23,גב ים,מניה רגילה
763011,297.3,2026-07-23,פיבי,מניה רגילה
765016,0.01,2026-07-23,פרפל ביוטק,מניה רגילה
767012,177.8,2026-07-23,הפניקס,מניה רגילה
769026,88.04,2026-07-23,רפק,מניה רגילה
770016,2.1,2026-07-23,אקסל,מניה רגילה
777037,46.6,2026-07-23,שופרסל,מניה רגילה
796011,48.05,2026-07-23,תיא השקעות,מניה רגילה
797035,188.1,2026-07-23,קליל,מניה רגילה
810010,172.5,2026-07-23,כהן פיתוח,מניה רגילה
813014,356.2,2026-07-23,סנו,מניה רגילה
822015,27.19,2026-07-23,דן מלונות,מניה רגילה
823013,23.28,2026-07-23,חג'ג',מניה רגילה
826016,11.01,2026-07-23,לכיש,מניה רגילה
829010,17.15,2026-07-23,דלק רכב,מניה רגילה
1080456,34.93,2026-07-23,רימוני,מניה רגילה
1080522,12.71,2026-07-23,אוסטרליה ישראל,מניה רגילה
1080597,2.355,2026-07-23,גילת טלקום,מניה רגילה
1080613,145.4,2026-07-23,אנליסט,מניה רגילה
1080753,48.46,2026-07-23,אילקס מדיקל,מניה רגילה
1080837,9.562,2026-07-23,שניב,מניה רגילה
1080928,3.076,2026-07-23,אינטר תעשיות,מניה רגילה
1080985,124.5,2026-07-23,ישרוטל,מניה רגילה
1081009,10.62,2026-07-23,רקח,מניה רגילה
1081074,87.92,2026-07-23,איסתא,מניה רגילה
1081116,4.253,2026-07-23,"אלביט נדל""ן",מניה רגילה
1081124,2459.9,2026-07-23,אלביט מערכות,מניה רגילה
1081165,17.8,2026-07-23,מגדל ביטוח,מניה רגילה
1081439,9.434,2026-07-23,לודן,מניה רגילה
1081561,841.5,2026-07-23,בית שמש,מניה רגילה
1081603,159.4,2026-07-23,פלסאון תעשיות,מניה רגילה
1081686,51.15,2026-07-23,סאמיט,מניה רגילה
1081843,137.2,2026-07-23,מיטב השקעות,מניה רגילה
1081942,17.88,2026-07-23,שיכון ובינוי,מניה רגילה
1081983,1.345,2026-07-23,גלובל פיי-ש,מניה רגילה
1082007,7.881,2026-07-23,שוהם ביזנס,מניה רגילה
1082114,2.521,2026-07-23,אפולו פאוור,מניה רגילה
1082346,2.185,2026-07-23,ביו דבש,מניה רגילה
1082353,1.433,2026-07-23,סאני תקשורת,מניה רגילה
1082379,757.9,2026-07-23,טאואר,מניה רגילה
1082510,35.7,2026-07-23,גילת,מניה רגילה
1082585,13.96,2026-07-23,תפרון,מניה רגילה
1082635,57.15,2026-07-23,אלומיי,מניה רגילה
1082726,127.9,2026-07-23,תאת טכנו,מניה רגילה
1082858,90.12,2026-07-23,ויליפוד אינטרנש,מניה רגילה
1082965,29.43,2026-07-23,אודיוקודס,מניה רגילה
1083377,10.77,2026-07-23,טופ גרופ,מניה רגילה
1083419,9.525,2026-07-23,אוטונומוס,מניה רגילה
1083443,2.056,2026-07-23,גולדן אנרג'י,מניה רגילה
1083484,38.85,2026-07-23,פרטנר,מניה רגילה
1083831,20.35,2026-07-23,יוניטרוניקס,מניה רגילה
1083856,0.635,2026-07-23,אלארום,מניה רגילה
1083930,0.45,2026-07-23,נקסט ג'ן-ש,מניה רגילה
1083955,528.2,2026-07-23,קווליטאו,מניה רגילה
1084128,81.73,2026-07-23,דלק קבוצה,מניה רגילה
1084367,3.35,2026-07-23,תיקון עולם קנבט,מניה רגילה
1084482,11.91,2026-07-23,איביאי חיתום,מניה רגילה
1084557,1407.7,2026-07-23,נובה,מניה רגילה
1084698,215,2026-07-23,חילן,מניה רגילה
1084953,18.59,2026-07-23,סינאל,מניה רגילה
1085208,7.616,2026-07-23,קומפיוגן,מניה רגילה
1085265,45.57,2026-07-23,ארן,מניה רגילה
1085497,0.021,2026-07-23,אקס טי אל,מניה רגילה
1086230,8.62,2026-07-23,או.אר.טי,מניה רגילה
1087022,290.2,2026-07-23,פוקס,מניה רגילה
1087824,13.5,2026-07-23,אל על,מניה רגילה
1090117,2.299,2026-07-23,ספאנטק,מניה רגילה
1090141,2.33,2026-07-23,טי.ג'י.איי,מניה רגילה
1090315,364.3,2026-07-23,דמרי,מניה רגילה
1090364,4.087,2026-07-23,אלספק,מניה רגילה
1090943,10.5,2026-07-23,רם און,מניה רגילה
1091065,1.993,2026-07-23,מיטרוניקס,מניה רגילה
1091248,1.391,2026-07-23,לפידות חלץ יהש,יחידת השתתפות
1091354,189.9,2026-07-23,אפי נכסים,מניה רגילה
1091651,54.31,2026-07-23,ארד,מניה רגילה
1091685,13,2026-07-23,פיסיבי טכנ,מניה רגילה
1091933,7.215,2026-07-23,גולן תעשיות,מניה רגילה
1092204,36.93,2026-07-23,עמיר שיווק,מניה רגילה
1092345,2.109,2026-07-23,חלל תקשורת,מניה רגילה
1092725,0.419,2026-07-23,שרין טכנו,מניה רגילה
1092840,4.846,2026-07-23,פלסטופיל,מניה רגילה
1093202,185.9,2026-07-23,דור אלון,מניה רגילה
1093558,9300,2026-07-23,יוניבו-ש,מניה רגילה
1094044,35.3,2026-07-23,אלקטרה נדלן,מניה רגילה
1094119,21.73,2026-07-23,קמהדע,מניה רגילה
1094283,20.49,2026-07-23,ברימאג,מניה רגילה
1094390,7.918,2026-07-23,עמיעד,מניה רגילה
1094473,5.236,2026-07-23,כן פייט ביופרמה,מניה רגילה
1094515,1.479,2026-07-23,ברם תעשיות,מניה רגילה
1094986,3.247,2026-07-23,אופל בלאנס,מניה רגילה
1095223,4.167,2026-07-23,ביולייט,מניה רגילה
1095264,488.2,2026-07-23,קמטק,מניה רגילה
1095405,0.6,2026-07-23,הדסית ביו-ש,מניה רגילה
1095785,14.86,2026-07-23,נקסטקום,מניה רגילה
1095819,28.51,2026-07-23,פריון נטוורק,מניה רגילה
1095835,55.78,2026-07-23,ארפורט סיטי,מניה רגילה
1095892,6.029,2026-07-23,גניגר,מניה רגילה
1096007,1.494,2026-07-23,קנזון-ש,מניה רגילה
1096049,0.896,2026-07-23,ביו ויו,מניה רגילה
1096106,66.27,2026-07-23,אטראו שוקי הון,מניה רגילה
1096148,8.357,2026-07-23,גולף,מניה רגילה
1096890,2.811,2026-07-23,בלו וייב-ש,מניה רגילה
1097054,42.9,2026-07-23,איביאי סילבר-ש,מניה רגילה
1097146,0.44,2026-07-23,קפיטל פוינט,מניה רגילה
1097229,13.47,2026-07-23,תמיס,מניה רגילה
1097260,687.1,2026-07-23,ביג,מניה רגילה
1097278,18.8,2026-07-23,אמות,מניה רגילה
1097344,5.303,2026-07-23,ספרינג,מניה רגילה
1097708,1.6802,2026-07-23,ממשל צמודה 0536,"אג""ח ממשלתי גליל"
1097948,218,2026-07-23,אפריקה מגורים,מניה רגילה
1098565,308.9,2026-07-23,רבוע נדלן,מניה רגילה
1098755,10.18,2026-07-23,סאנפלאואר,מניה רגילה
1098920,21.72,2026-07-23,ריט 1,מנית ריט
1099456,1.0531,2026-07-23,ממשל שקלית 1026,"אג""ח ממשלתי שחר"
1099654,24.36,2026-07-23,אלוט,מניה רגילה
1099761,0.281,2026-07-23,פטרוטקס יהש,יחידת השתתפות
1099787,4.351,2026-07-23,ג'ין טכנולוגיות,מניה רגילה
1100007,860,2026-07-23,פז אנרגיה,מניה רגילה
1100718,49.9,2026-07-23,בריינסוויי,מניה רגילה
1100957,0.9,2026-07-23,אבגול,מניה רגילה
1101450,0.301,2026-07-23,אולמד סולושנס,מניה רגילה
1101518,0.015,2026-07-23,ביוליין,מניה רגילה
1101534,33.58,2026-07-23,סלקום,מניה רגילה
1101666,4.321,2026-07-23,אברא,מניה רגילה
1102128,140.5,2026-07-23,פרשקובסקי,מניה רגילה
1102219,69.44,2026-07-23,פרידנזון,מניה רגילה
1102532,3.006,2026-07-23,צילו-בלו,מניה רגילה
1103506,22.08,2026-07-23,אוריין,מניה רגילה
1103571,18.14,2026-07-23,שנפ,מניה רגילה
1103852,0.976,2026-07-23,ישראל קנדה מלונ,מניה רגילה
1103878,1.596,2026-07-23,רבל,מניה רגילה
1104249,348.6,2026-07-23,רמי לוי,מניה רגילה
1104280,0.271,2026-07-23,כלל ביוטכנו,מניה רגילה
1104363,42.08,2026-07-23,ברק בית השקעות,מניה רגילה
1104488,506,2026-07-23,מגה אור,מניה רגילה
1104496,1.956,2026-07-23,אורד,מניה רגילה
1104744,109.7,2026-07-23,גאון אחזקות,מניה רגילה
1104785,5.837,2026-07-23,חממה סחר,מניה רגילה
1104959,0.555,2026-07-23,המשביר 365,מניה רגילה
1105022,60.51,2026-07-23,תיגבור קבוצה,מניה רגילה
1105055,1.698,2026-07-23,אבוג'ן,מניה רגילה
1105097,135.8,2026-07-23,נטו מלינדה,מניה רגילה
1105139,0.134,2026-07-23,באבלס,מניה רגילה
1105162,0.184,2026-07-23,ווינד באז-ס,מניה רגילה
1105196,3.364,2026-07-23,מישורים,מניה רגילה
1105535,0.0518,2026-07-23,קרדן אןוי אגח א,"אג""ח קונצרני"
1105907,6.73,2026-07-23,אייראנג'י טק,מניה רגילה
1106376,2.885,2026-07-23,אינטרקיור,מניה רגילה
1106749,12.53,2026-07-23,מצלאוי,מניה רגילה
1108638,0.02,2026-07-23,מירלנד-ש,מניה רגילה
1109495,0.0199,2026-07-23,פלאזה סנט אגח א,"אג""ח קונצרני"
1109503,0.0212,2026-07-23,פלאזה סנט אגח ב,"אג""ח קונצרני"
1109644,8.53,2026-07-23,סלע נדלן,מנית ריט
1109917,1.728,2026-07-23,פלאזה סנטר -ס,מניה רגילה
1109966,16.89,2026-07-23,ויתניה,מניה רגילה
1110915,1.5991,2026-07-23,אדמה אגח ב,"אג""ח קונצרני"
1113034,0.26,2026-07-23,קרדן אןוי אגח ב,"אג""ח קונצרני"
1118116,0.771,2026-07-23,גפן מגורים,מניה רגילה
1118447,5.102,2026-07-23,קרדן נדלן,מניה רגילה
1119478,420.1,2026-07-23,עזריאלי קבוצה,מניה רגילה
1119833,0.025,2026-07-23,גלוב יהש-ש,יחידת השתתפות
1119924,1.462,2026-07-23,הזדמנות יהש,יחידת השתתפות
1120161,2.19,2026-07-23,ערך פיננסים-ש,מניה רגילה
1120583,1.4035,2026-07-23,ממשל צמודה 0841,"אג""ח ממשלתי גליל"
1121474,10.65,2026-07-23,הכשרה התחדשות,מניה רגילה
1121730,5.787,2026-07-23,פלורי,מניה רגילה
1122654,0.542,2026-07-23,סטורג' דרופ,מניה רגילה
1123017,4.802,2026-07-23,לייבפרסון,מניה רגילה
1123355,24.12,2026-07-23,אנרג'יקס,מניה רגילה
1123777,45.62,2026-07-23,ויקטורי,מניה רגילה
1123850,32.27,2026-07-23,קרסו מוטורס,מניה רגילה
1125400,1.1796,2026-07-23,ממשל שקלית 0142,"אג""ח ממשלתי שחר"
1129444,13.96,2026-07-23,מנדלסוןתשת,מניה רגילה
1129493,19.24,2026-07-23,תומר אנרגיה,מניה רגילה
1129501,259.3,2026-07-23,איידיאיי ביטוח,מניה רגילה
1129543,3.713,2026-07-23,אופקו הלת',מניה רגילה
1131523,15.12,2026-07-23,מגדלי תיכון,מניה רגילה
1131556,2.102,2026-07-23,סקייליין,מניה רגילה
1131697,0.108,2026-07-23,אוטומקס,מניה רגילה
1132315,64.09,2026-07-23,אשטרום קבוצה,מניה רגילה
1132356,24.83,2026-07-23,אינרום,מניה רגילה
1133131,1.0101,2026-07-23,תעש אוירית אגחד,"אג""ח קונצרני"
1133149,1.2153,2026-07-23,אמות אגח ד,"אג""ח קונצרני"
1133487,1.2058,2026-07-23,ארפורט אגח ה,"אג""ח קונצרני"
1133875,46.47,2026-07-23,שפיר הנדסה,מניה רגילה
1134048,1.1919,2026-07-23,הראל הנפק אגח י,"אג""ח קונצרני"
1134139,212.8,2026-07-23,קנון,מניה רגילה
1134402,321.3,2026-07-23,אורמת טכנו,מניה רגילה
1134865,0.9777,2026-07-23,ממשל צמודה 0545,"אג""ח ממשלתי גליל"
1134881,6.892,2026-07-23,אלדן תחבורה,מניה רגילה
1135417,1.2152,2026-07-23,פניקס הון אגח ה,"אג""ח קונצרני"
1135706,38.21,2026-07-23,אורון קבוצה,מניה רגילה
1135888,1.2416,2026-07-23,שכון ובי אגח 8,"אג""ח קונצרני"
1136316,1.0152,2026-07-23,הראל הנפ אגח יא,"אג""ח קונצרני"
1136365,3.446,2026-07-23,ליניאג תרפיוטיק,מניה רגילה
1136464,1.0086,2026-07-23,קרסו מוט' אגח א,"אג""ח קונצרני"
1136753,1.2431,2026-07-23,ריט 1 אגח ה,"אג""ח קונצרני"
1136829,9.875,2026-07-23,אלמוגים,מניה רגילה
1137975,0.2276,2026-07-23,דה זראסאי אגח ג,"אג""ח קונצרני"
1138163,1.0119,2026-07-23,הראל הנפ אגח יב,"אג""ח קונצרני"
1138171,1.0086,2026-07-23,הראל הנפ אגח יג,"אג""ח קונצרני"
1138379,18.4,2026-07-23,שגריר,מניה רגילה
1138544,1.2676,2026-07-23,ריט 1 אגח ו,"אג""ח קונצרני"
1138650,1.1919,2026-07-23,עזריאלי אגח ד,"אג""ח קונצרני"
1138940,0.997,2026-07-23,סאמיט אגח ח,"אג""ח קונצרני"
1138973,1.2049,2026-07-23,סלע נדלן אגח ג,"אג""ח קונצרני"
1139195,7.886,2026-07-23,מגוריט,מנית ריט
1139344,0.9982,2026-07-23,ממשל שקלית 0327,"אג""ח ממשלתי שחר"
1139542,1.2082,2026-07-23,פז אנרגיה אגח ו,"אג""ח קונצרני"
1139617,6.238,2026-07-23,אוברסיז,מניה רגילה
1139716,1.2022,2026-07-23,לוינשט נכ אגח ב,"אג""ח קונצרני"
1139864,0.409,2026-07-23,רציו פטרול יהש,יחידת השתתפות
1139898,1.0086,2026-07-23,ספנסר אגח ב,"אג""ח קונצרני"
1139955,6.649,2026-07-23,מדיפאואר,מניה רגילה
1140102,1.0028,2026-07-23,אשטרום קב אגח ג,"אג""ח קונצרני"
1140151,0.686,2026-07-23,נובולוג,מניה רגילה
1140193,0.9383,2026-07-23,ממשל שקלית 0347,"אג""ח ממשלתי שחר"
1140573,1.914,2026-07-23,מניבים ריט,מנית ריט
1140607,1.2132,2026-07-23,רבוע נדלן אגח ו,"אג""ח קונצרני"
1140615,1.2091,2026-07-23,רבוע נדלן אגח ז,"אג""ח קונצרני"
1140847,1.2017,2026-07-23,ממשל צמודה 0527,"אג""ח ממשלתי גליל"
1140946,3.873,2026-07-23,לסיכו,מניה רגילה
1141050,1.2008,2026-07-23,ביג אגח ט,"אג""ח קונצרני"
1141316,0.946,2026-07-23,גלובל כנפיים,מניה רגילה
1141324,12.48,2026-07-23,אורמד פארמ,מניה רגילה
1141332,0.8727,2026-07-23,תמר פטרו אגח א,"אג""ח קונצרני"
1141357,31.85,2026-07-23,תמר פטרוליום,מניה רגילה
1141464,44.61,2026-07-23,מור השקעות,מניה רגילה
1141571,99.9,2026-07-23,או פי סי אנרגיה,מניה רגילה
1141696,1.214,2026-07-23,מגה אור אגח ז,"אג""ח קונצרני"
1141829,0.998,2026-07-23,קרסו מוט' אגח ג,"אג""ח קונצרני"
1141852,1.001,2026-07-23,פתאל אירו אגח ג,"אג""ח קונצרני"
1141951,0.9655,2026-07-23,שפיר הנדס אגח ב,"אג""ח קונצרני"
1141969,131.4,2026-07-23,נאוויטס פטר יהש,יחידת השתתפות
1142231,1.216,2026-07-23,אפי נכסים אגח ח,"אג""ח קונצרני"
1142421,0.849,2026-07-23,יעקובי קבוצה,מניה רגילה
1142454,28.09,2026-07-23,אלמור חשמל,מניה רגילה
1142587,5.759,2026-07-23,הולמס פלייס,מניה רגילה
1142595,1.1797,2026-07-23,פז אנרגיה אגח ז,"אג""ח קונצרני"
1142629,1.1778,2026-07-23,גירון אגח ז,"אג""ח קונצרני"
1143080,1.0018,2026-07-23,סלקום אגח יב,"אג""ח קונצרני"
1143122,0.9635,2026-07-23,הראל הנפ אגח יד,"אג""ח קונצרני"
1143130,0.9526,2026-07-23,הראל הנפ אגח טו,"אג""ח קונצרני"
1143163,1.2131,2026-07-23,מישורים אגח ח,"אג""ח קונצרני"
1143379,0.9971,2026-07-23,אוריין אגח ב,"אג""ח קונצרני"
1143395,1.0029,2026-07-23,סאמיט אגח י,"אג""ח קונצרני"
1143411,0.9917,2026-07-23,מנורה הון התח ה,"אג""ח קונצרני"
1143429,678.8,2026-07-23,פתאל החזקות,מניה רגילה
1143585,0.9849,2026-07-23,עמידר אגח א,"אג""ח קונצרני"
1143619,4.48,2026-07-23,רני צים,מניה רגילה
1143635,16.34,2026-07-23,חג'ג' אירופה,מניה רגילה
1144773,31.44,2026-07-23,יוניברסל מוטורס,מניה רגילה
1144781,14,2026-07-23,ג'י.פי גלובל-ש,מניה רגילה
1145564,1.1917,2026-07-23,נמלי ישראל אגחא,"אג""ח קונצרני"
1145572,1.19,2026-07-23,נמלי ישראל אגחב,"אג""ח קונצרני"
1147479,0.8792,2026-07-23,תומר אנרגיהאגחא,"אג""ח קונצרני"
1147487,104.9,2026-07-23,גלוברנדס,מניה רגילה
1147503,1.2301,2026-07-23,נתיבי גז אגח ד,"אג""ח קונצרני"
1147602,1.1926,2026-07-23,מגה אור אגח ח,"אג""ח קונצרני"
1147685,15.43,2026-07-23,כרמל קורפ,מניה רגילה
1147750,0.396,2026-07-23,רותם אנרגיה יהש,יחידת השתתפות
1150879,0.9922,2026-07-23,ממשל שקלית 0928,"אג""ח ממשלתי שחר"
1150903,1.2,2026-07-23,ויתניה אגח ה,"אג""ח קונצרני"
1151117,1.1962,2026-07-23,ביג אגח יא,"אג""ח קונצרני"
1155290,32.67,2026-07-23,אנרג'יאן,מניה רגילה
1155522,1.0121,2026-07-23,פניקס הון אגח ט,"אג""ח קונצרני"
1155928,1.1984,2026-07-23,מניבים ריט אגחב,"אג""ח קונצרני"
1155951,0.7875,2026-07-23,שמוס אגח א,"אג""ח מרובה פדיונות"
1156025,1.041,2026-07-23,הכש חב בטוחאגח4,"אג""ח קונצרני"
1156041,1.0228,2026-07-23,מגדל הון אגח ז,"אג""ח קונצרני"
1156231,1.2232,2026-07-23,ביג אגח יב,"אג""ח קונצרני"
1156280,11.5,2026-07-23,ג'י וואן,מניה רגילה
1156397,1.0037,2026-07-23,פרטנר אגח ז,"אג""ח קונצרני"
1156603,1.1936,2026-07-23,עזריאלי אגח ה,"אג""ח קונצרני"
1156611,1.201,2026-07-23,עזריאלי אגח ו,"אג""ח קונצרני"
1156926,2.84,2026-07-23,ג'נריישן קפיטל,מניה רגילה
1157023,1.1608,2026-07-23,ממשל צמודה 0529,"אג""ח ממשלתי גליל"
1157114,4.836,2026-07-23,יוטרון,מניה רגילה
1157403,10.99,2026-07-23,ישראכרט,מניה רגילה
1157569,1.1859,2026-07-23,רבוע נדלן אגח ח,"אג""ח קונצרני"
1157668,1.003,2026-07-23,שלמה נדלן אגח ד,"אג""ח קונצרני"
1157700,1.0059,2026-07-23,דור אלון אגח ז,"אג""ח קונצרני"
1158161,23.06,2026-07-23,שירותי בנק אוטו,מניה רגילה
1158468,1.1555,2026-07-23,מקורות אגח 10,"אג""ח קונצרני"
1158476,1.085,2026-07-23,מקורות אגח 11,"אג""ח קונצרני"
1158609,1.1656,2026-07-23,אמות אגח ו,"אג""ח קונצרני"
1158732,1.1711,2026-07-23,אלבר אגח יז,"אג""ח קונצרני"
1158740,0.9972,2026-07-23,אלבר אגח יח,"אג""ח קונצרני"
1158823,0.549,2026-07-23,באטמ,מניה רגילה
1158989,19.93,2026-07-23,איישרס.חוץ JPM EM BOND,"אג""ח בחו""ל-אג""ח בחו""ל - אחר"
1159029,129.1,2026-07-23,הבורסה לניע בתא,מניה רגילה
1159060,786.06,2026-07-23,איישרס.חוץ US TIPS,"אג""ח בחו""ל-ממשלתיות חשופת מט""ח"
1159078,22.9638,2026-07-23,איישרס.חוץ HY CORP BOND,"אג""ח בחו""ל-בחו""ל שאינן בדירוג השקעה (High Yield)"
1159086,20.1369,2026-07-23,איישרס.חוץFLOAT RATE BOND,"אג""ח בחו""ל-חברות והמרה חשופת מט""ח - קצר"
1159094,367,2026-07-23,איישרס.חוץ MSCI EUROPE,"מניות בחו""ל-מניות גיאוגרפי - חשופת מט""ח-אירופה- שווקים מפותחים"
1159102,17.795,2026-07-23,איישרס.חוץ GLB AGG BOND,"אג""ח בחו""ל-חברות והמרה חשופת מט""ח"
1159110,18.39,2026-07-23,איישרס.חוץ MSCI CHINA,"מניות בחו""ל-מניות גיאוגרפי - חשופת מט""ח-אסיה ופסיפיק- שווקים מתעוררים"
1159128,28.81,2026-07-23,איישרס.חוץ HEALTHCARE INN,"מניות בחו""ל-מניות לפי ענפים בחו""ל - חשופת מט""ח-Health Care"
1159136,34.51,2026-07-23,איישרס.חוץ DIGITALISATION,"מניות בחו""ל-מניות לפי ענפים בחו""ל - חשופת מט""ח-Technology"
1159144,60.47,2026-07-23,איישרס.חוץ ROBOT&AUTOMAT,"מניות בחו""ל-מניות לפי ענפים בחו""ל - חשופת מט""ח-Robotics"
1159151,19.45,2026-07-23,איישרס.חוץ SHORT DUR BOND,"אג""ח בחו""ל-חברות והמרה חשופת מט""ח - קצר"
1159169,162.4,2026-07-23,איישרס.חוץ MSCI EM,"מניות בחו""ל-מניות גיאוגרפי - חשופת מט""ח-גלובלי- שווקים מתעוררים"
1159177,18.2192,2026-07-23,איישרס.חוץ TRSY BOND 1-3Y,"אג""ח בחו""ל-ממשלתיות חשופת מט""ח - קצר"
1159185,18.78,2026-07-23,איישרס.חוץ CORP BOND USD,"אג""ח בחו""ל-חברות והמרה חשופת מט""ח"
1159193,149.8,2026-07-23,איישרס.חוץ P TECHNOLOGY&S,"מניות בחו""ל-מניות לפי ענפים בחו""ל - חשופת מט""ח-Information technology"
1159201,39.63,2026-07-23,איישרס.חוץ P HEALTHCARE&S,"מניות בחו""ל-מניות לפי ענפים בחו""ל - חשופת מט""ח-Health Care"
1159219,50.59,2026-07-23,איישרס.חוץ P FINANCIALS&S,"מניות בחו""ל-מניות לפי ענפים בחו""ל - חשופת מט""ח-Financial"
1159227,50.1,2026-07-23,איישרס.חוץ P CONS DISCR&S,"מניות בחו""ל-מניות לפי ענפים בחו""ל - חשופת מט""ח-Consumer Discretionary"
1159235,370,2026-07-23,איישרס.חוץ MSCI ACWI,"מניות בחו""ל-מניות גלובליות - חשופת מט""ח"
1159243,5098,2026-07-23,איישרס.חוץ NASDAQ 100,"מניות בחו""ל-מניות גיאוגרפי - חשופת מט""ח-אמריקה- שווקים מפותחים"
1159250,2475.5,2026-07-23,איישרס.חוץ P 500&S,"מניות בחו""ל-מניות גיאוגרפי - חשופת מט""ח-אמריקה- שווקים מפותחים"
1159268,467.6,2026-07-23,איישרס.חוץ TRSYBOND 7-10Y,"אג""ח בחו""ל-ממשלתיות חשופת מט""ח - ארוך"
1159276,435.47,2026-07-23,איישרס.חוץ TRSY BOND 3-7Y,"אג""ח בחו""ל-ממשלתיות חשופת מט""ח - בינוני"
1159359,0.9728,2026-07-23,פניקס הון אגחיא,"אג""ח קונצרני"
1159516,1.1518,2026-07-23,ביג אגח יג,"אג""ח קונצרני"
1160241,1.0019,2026-07-23,מנורה הון התח ו,"אג""ח קונצרני"
1160258,0.9936,2026-07-23,נמקו אגח ב,"אג""ח קונצרני"
1160597,0.9925,2026-07-23,סילברסטין אגח ב,"אג""ח קונצרני"
1160647,0.9629,2026-07-23,כלל הון אגח יא,"אג""ח קונצרני"
1160670,1.1736,2026-07-23,יוניברסל אגח ג,"אג""ח קונצרני"
1160878,0.9941,2026-07-23,אפי נכסים אגח י,"אג""ח קונצרני"
1160944,1.1056,2026-07-23,ארפורט אגח ט,"אג""ח קונצרני"
1160985,0.915,2026-07-23,ממשל שקלית 0330,"אג""ח ממשלתי שחר"
1161264,351.1,2026-07-23,יוחננוף,מניה רגילה
1161322,0.9915,2026-07-23,ווסטדייל אגח ב,"אג""ח קונצרני"
1161348,0.9983,2026-07-23,מדיפאואר אגח ב,"אג""ח קונצרני"
1161371,0.9695,2026-07-23,מיטב השק אגח ד,"אג""ח קונצרני"
1161454,0.9728,2026-07-23,הראל הנפ אגח יז,"אג""ח קונצרני"
1161678,0.9951,2026-07-23,אלדן תחבו אגח ו,"אג""ח קונצרני"
1161751,0.9685,2026-07-23,אנרג'יקס אגח א,"אג""ח קונצרני"
1161769,1.1684,2026-07-23,ירושליםהנ אגחטו,"אג""ח קונצרני"
1161785,0.9548,2026-07-23,פתאל החז אגח ג,"אג""ח קונצרני"
1162221,1.1604,2026-07-23,ביג אגח טו,"אג""ח קונצרני"
1162353,0.9921,2026-07-23,קרדן נדלן אגח ד,"אג""ח קונצרני"
1162502,1.0682,2026-07-23,הראל פיקד אגח ב,"אג""ח מובנות"
1162544,0.966,2026-07-23,טמפו משק אגח ג,"אג""ח קונצרני"
1162577,1.123,2026-07-23,אלה פקדון אגח ה,"אג""ח מובנות"
1162775,6.022,2026-07-23,ריט אזורים ליוי,מנית ריט
1162817,0.9638,2026-07-23,פז אנרגיה אגח ח,"אג""ח קונצרני"
1162825,0.9963,2026-07-23,אפריקה מג אגח ה,"אג""ח קונצרני"
1162866,0.9518,2026-07-23,אמות אגח ז,"אג""ח קונצרני"
1163062,0.3884,2026-07-23,פסיפיק אגח ב,"אג""ח קונצרני"
1165141,1.152,2026-07-23,מגה אור אגח ט,"אג""ח קונצרני"
1165307,10.23,2026-07-23,טכנ גילוי אש גז,מניה רגילה
1166057,1.2122,2026-07-23,או פי סי אגח ב,"אג""ח קונצרני"
1166180,0.785,2026-07-23,ממשל שקלית 0537,"אג""ח ממשלתי שחר"
1166552,0.9933,2026-07-23,ממשל משתנה 1130,אגח ממשלתי גילון חדש
1166693,0.01,2026-07-23,סייברוואן-ס,מניה רגילה
1166768,73.18,2026-07-23,דוראל אנרגיה,מניה רגילה
1166917,27.6,2026-07-23,סופרגז פאוור,מניה רגילה
1166974,11.88,2026-07-23,משק אנרגיה,מניה רגילה
1167147,1.1518,2026-07-23,סלע נדלן אגח ד,"אג""ח קונצרני"
1167360,0.9496,2026-07-23,סופרגז פא אגח א,"אג""ח קונצרני"
1167386,1.2398,2026-07-23,שכון ובי אגח 9,"אג""ח קונצרני"
1167501,1.056,2026-07-23,מילניום פוד יהש,יחידת השתתפות
1168038,1.0167,2026-07-23,פתאל אירו אגח ד,"אג""ח קונצרני"
1168186,612.9,2026-07-23,מימון ישיר,מניה רגילה
1168301,0.7827,2026-07-23,ממשל צמודה 1151,"אג""ח ממשלתי גליל"
1168368,0.9905,2026-07-23,דמרי אגח ט,"אג""ח קונצרני"
1168442,1.1705,2026-07-23,ביג אגח טז,"אג""ח קונצרני"
1168459,1.1696,2026-07-23,ביג אגח יז,"אג""ח קונצרני"
1168483,0.964,2026-07-23,אנרג'יקס אג ב,"אג""ח להמרה"
1168517,0.9792,2026-07-23,מגדלי תיכוןאגחה,"אג""ח קונצרני"
1168533,120.3,2026-07-23,מספנות ישראל,מניה רגילה
1168558,35.71,2026-07-23,מקס סטוק,מניה רגילה
1168657,2.4,2026-07-23,יוניקורן טכ יהש,יחידת השתתפות
1168962,2.509,2026-07-23,אלמדה יהש,יחידת השתתפות
1169127,1.0114,2026-07-23,אלון רבוע אגח ו,"אג""ח קונצרני"
1169481,0.575,2026-07-23,סמארט אגרו יהש,יחידת השתתפות
1169556,0.5471,2026-07-23,דה זראסאי אגח ה,"אג""ח קונצרני"
1169564,1.1924,2026-07-23,ממשל צמודה 0726,"אג""ח ממשלתי גליל"
1169648,0.875,2026-07-23,פטרוטקס אג ב,"אג""ח להמרה"
1169689,0.845,2026-07-23,ג'נסל,מניה רגילה
1169721,1.806,2026-07-23,פתאל החזקאג 1-ס,"אג""ח להמרה"
1169895,13.68,2026-07-23,סטארק פאוור,מניה רגילה
1169978,3.489,2026-07-23,סבוריט-ש,מניה רגילה
1170000,0.209,2026-07-23,יומן אקסטנשנס-ש,מניה רגילה
1170216,8.352,2026-07-23,פולירם,מניה רגילה
1170240,1.521,2026-07-23,ולוריקס,מניה רגילה
1170513,0.403,2026-07-23,בלייד ריינג'ר,מניה רגילה
1170539,0.475,2026-07-23,סונוביה,מניה רגילה
1170877,218.4,2026-07-23,נופר אנרג'י,מניה רגילה
1170893,24.12,2026-07-23,מניף,מניה רגילה
1170950,13.02,2026-07-23,מלרן,מניה רגילה
1171230,0.942,2026-07-23,אימד יהש,יחידת השתתפות
1171271,1.2105,2026-07-23,ריט 1 אגח ז,"אג""ח קונצרני"
1171305,1.1894,2026-07-23,מרכנתיל הנ אגחד,"אג""ח קונצרני"
1171529,34.93,2026-07-23,רותם שני,מניה רגילה
1171669,5.863,2026-07-23,מולטי ריטייל,מניה רגילה
1171818,12.42,2026-07-23,אב-גד,מניה רגילה
1171834,1.172,2026-07-23,רני צים אגח ב,"אג""ח קונצרני"
1171933,82.68,2026-07-23,נקסטפרם-ש,מניה רגילה
1172071,2.002,2026-07-23,אנרג'ין,מניה רגילה
1172097,4.992,2026-07-23,בלנדר,מניה רגילה
1172170,1.167,2026-07-23,ירושליםהנ אגחטז,"אג""ח קונצרני"
1172204,0.925,2026-07-23,הום ביוגז,מניה רגילה
1172220,1.099,2026-07-23,ממשל צמודה 1131,"אג""ח ממשלתי גליל"
1172253,0.9835,2026-07-23,יוניברסל אגח ד,"אג""ח קונצרני"
1172287,108.2,2026-07-23,סולאיר,מניה רגילה
1172295,0.96,2026-07-23,ביג-טק 50 יהש,יחידת השתתפות
1172337,354.2,2026-07-23,בלאקאדג',מניה רגילה
1172360,2.852,2026-07-23,פינרג'י,מניה רגילה
1172527,5.581,2026-07-23,רייזור,מניה רגילה
1172618,3.845,2026-07-23,בכורי שדה,מניה רגילה
1172725,0.9751,2026-07-23,קרדן נדלן אגח ה,"אג""ח קונצרני"
1172782,1.1367,2026-07-23,אמות אגח ח,"אג""ח קונצרני"
1172956,0.992,2026-07-23,אלומיי אג ד,"אג""ח להמרה"
1172972,0.861,2026-07-23,מאסיבית,מניה רגילה
1173137,120.4,2026-07-23,דניה סיבוס,מניה רגילה
1173145,18.99,2026-07-23,עלמא יסודות,מניה רגילה
1173178,1.369,2026-07-23,פיט השקעות יהש,יחידת השתתפות
1173228,14.57,2026-07-23,ווישור גלובלטק,מניה רגילה
1173343,1.008,2026-07-23,איי ארגנטו יהש,יחידת השתתפות
1173376,0.371,2026-07-23,איירטאצ,מניה רגילה
1173434,0.522,2026-07-23,פוםוום,מניה רגילה
1173491,49.4,2026-07-23,דיפלומט אחזקות,מניה רגילה
1173566,0.9801,2026-07-23,קרסו מוט' אגח ד,"אג""ח קונצרני"
1173582,0.362,2026-07-23,פליינג ספארק-ש,מניה רגילה
1173699,111,2026-07-23,דלתא מותגים,מניה רגילה
1173723,0.17,2026-07-23,ריטייל מיינדס-ש,מניה רגילה
1173764,0.9897,2026-07-23,אפי נכסים אגחיב,"אג""ח קונצרני"
1173855,15.85,2026-07-23,פוטומיין,מניה רגילה
1173871,2.263,2026-07-23,תיגי,מניה רגילה
1173905,0.346,2026-07-23,ביומיט פוד יהש,יחידת השתתפות
1174093,0.716,2026-07-23,טראקנט,מניה רגילה
1174184,16.65,2026-07-23,זוז אסטרטגיה,מניה רגילה
1174226,1.1579,2026-07-23,ביג אגח יח,"אג""ח קונצרני"
1174457,47.3,2026-07-23,פריים אנרג'י,מניה רגילה
1174556,1.1196,2026-07-23,רבוע נדלן אגח ט,"אג""ח קונצרני"
1174564,0.9678,2026-07-23,אלקטרהנדלן אגחו,"אג""ח קונצרני"
1174846,0.965,2026-07-23,יוניק-טק יהש,יחידת השתתפות
1175033,0.964,2026-07-23,נמלי ישר אגחד,"אג""ח קונצרני"
1175090,2.565,2026-07-23,שור-טק יהש,יחידת השתתפות
1175116,210.3,2026-07-23,נאייקס,מניה רגילה
1175132,0.9716,2026-07-23,שכון ובי אגח 10,"אג""ח קונצרני"
1175199,1.1084,2026-07-23,דור אלון אגח ח,"אג""ח קונצרני"
1175371,129.9,2026-07-23,ארגו פרופרטיז,מניה רגילה
1175439,41.59,2026-07-23,סופווייב,מניה רגילה
1175488,22.99,2026-07-23,ריטיילורס,מניה רגילה
1175496,12.55,2026-07-23,פרימוטק,מניה רגילה
1175561,1.625,2026-07-23,ביונ תלת מימד-ש,מניה רגילה
1175611,65.89,2026-07-23,תורפז,מניה רגילה
1175728,8.03,2026-07-23,נור,מניה רגילה
1175769,1.1019,2026-07-23,ריט אזורים אגחא,"אג""ח קונצרני"
1175819,6,2026-07-23,אבו מגורים,מנית ריט
1175934,19.74,2026-07-23,קיסטון אינפרא,מניה רגילה
1175975,1.1331,2026-07-23,מגוריט אגח ג,"אג""ח קונצרני"
1176114,21.13,2026-07-23,אי.טי.ג'י.איי,מניה רגילה
1176205,8.547,2026-07-23,קבוצת אקרשטיין,מניה רגילה
1176239,1.682,2026-07-23,שמיים,מניה רגילה
1176312,1.1721,2026-07-23,ירושליםהנפ נד17,אגח הוני ניתן למחיקה
1176346,3.822,2026-07-23,אידומו,מניה רגילה
1176387,49.9,2026-07-23,ורידיס,מניה רגילה
1176593,241.7,2026-07-23,נקסט ויז'ן,מניה רגילה
1176619,0.38,2026-07-23,אורה סמארט-ש,מניה רגילה
1176635,0.039,2026-07-23,בול מסחר-ש,מניה רגילה
1176700,11.22,2026-07-23,פלסאנמור,מניה רגילה
1176726,4.268,2026-07-23,גוטו,מניה רגילה
1176791,2.42,2026-07-23,מטריסלף,מניה רגילה
1176908,0.87,2026-07-23,פסיירקס ביו-טק,מניה רגילה
1176981,21.93,2026-07-23,ליברה,מניה רגילה
1177450,1.862,2026-07-23,איידנטי,מניה רגילה
1177518,6.754,2026-07-23,סולרום החז,מניה רגילה
1177526,1.127,2026-07-23,ג'נרישן קפ אגחב,"אג""ח קונצרני"
1177625,1.1267,2026-07-23,רכבת ישר אגח ג,"אג""ח קונצרני"
1177658,1.1379,2026-07-23,מניבים ריט אגחג,"אג""ח קונצרני"
1177765,1.251,2026-07-23,הייב 2040 יהש,יחידת השתתפות
1177823,1.85,2026-07-23,גילת טלקום אג ג,"אג""ח להמרה"
1178144,0.9433,2026-07-23,רציו מימון אגחד,"אג""ח קונצרני"
1178235,0.9516,2026-07-23,אלביט מע' אגח ב,"אג""ח קונצרני"
1178250,0.8893,2026-07-23,אלביט מע' אגח ג,"אג""ח קונצרני"
1178268,0.8745,2026-07-23,אלביט מע' אגח ד,"אג""ח קונצרני"
1178276,3.301,2026-07-23,ברקת,מניה רגילה
1178284,3,2026-07-23,ספידווליו,מניה רגילה
1178292,1.1441,2026-07-23,אפי נכסים אגחיג,"אג""ח קונצרני"
1178334,73.72,2026-07-23,אקונרג'י,מניה רגילה
1178367,1.0797,2026-07-23,מגה אור אגח י,"אג""ח קונצרני"
1178375,1.102,2026-07-23,מגה אור אגח יא,"אג""ח קונצרני"
1178417,0.912,2026-07-23,שפיר הנדס אגח ג,"אג""ח קונצרני"
1178474,1.508,2026-07-23,מנרה יהש-ש,יחידת השתתפות
1178490,1.74,2026-07-23,סקודיקס,מניה רגילה
1178672,1.0846,2026-07-23,עזריאלי אגח ז,"אג""ח קונצרני"
1178680,1.0732,2026-07-23,עזריאלי אגח ח,"אג""ח קונצרני"
1178714,7.113,2026-07-23,טרמינל איקס,מניה רגילה
1178722,158.5,2026-07-23,רימון,מניה רגילה
1178797,1.1566,2026-07-23,מישורים אגח ט,"אג""ח קונצרני"
1178862,2.224,2026-07-23,ג'נגו,מניה רגילה
1178912,0.515,2026-07-23,אריקה כרמל,מניה רגילה
1178920,0.6481,2026-07-23,דה לסר אגח ז,"אג""ח קונצרני"
1179019,1.0268,2026-07-23,סטרוברי אגח ג,"אג""ח קונצרני"
1179043,13.5,2026-07-23,באפ טכנו',מניה רגילה
1179134,1.1501,2026-07-23,דוראל אגח א,"אג""ח קונצרני"
1179142,13.15,2026-07-23,טופ גאם,מניה רגילה
1179290,1.0112,2026-07-23,גלובל כנפ אגח ג,"אג""ח קונצרני"
1179340,1.1546,2026-07-23,נופר אנרג אגח א,"אג""ח קונצרני"
1179662,2.34,2026-07-23,ארבה רובוטיקס,מניה רגילה
1179753,12.78,2026-07-23,מכלול מימון,מניה רגילה
1179928,0.9285,2026-07-23,כלל הון אגח יב,"אג""ח קונצרני"
1179993,1.089,2026-07-23,רב בריח,מניה רגילה
1180173,18.14,2026-07-23,טראלייט,מניה רגילה
1180181,0.729,2026-07-23,גרופ 107,מניה רגילה
1180306,2.019,2026-07-23,ווטר אי או,מניה רגילה
1180355,0.9717,2026-07-23,או.פי.סי אגח ג,"אג""ח קונצרני"
1180595,8.675,2026-07-23,בוליגו,מניה רגילה
1180660,0.8801,2026-07-23,ממשל שקלית 0432,"אג""ח ממשלתי שחר"
1180686,8.031,2026-07-23,טונדו סמארט,מניה רגילה
1180876,5.803,2026-07-23,פיימנט,מניה רגילה
1181007,0.9543,2026-07-23,ביג אגח יט,"אג""ח קונצרני"
1181197,2.8071,2026-07-23,ממשל גלובל07/30,"אג""ח ממשלתית גלובלית"
1181221,3.3417,2026-07-23,ממשל גלובל01/29,"אג""ח ממשלתית גלובלית"
1181239,3.6855,2026-07-23,ממשל גלובל01/27,"אג""ח ממשלתית גלובלית"
1181437,13.68,2026-07-23,אפי קפיטל,מניה רגילה
1181569,6.547,2026-07-23,סופרין,מניה רגילה
1181627,5.073,2026-07-23,נאוויטס פט אג ד,"אג""ח להמרה"
1181643,0.931,2026-07-23,אלומה תשתיות,מניה רגילה
1181676,0.986,2026-07-23,מצלאוי-ס אג ז,"אג""ח להמרה"
1181742,16.43,2026-07-23,טורבוג'ן,מניה רגילה
1181924,0.9197,2026-07-23,סופרגז פא אגח ב,"אג""ח קונצרני"
1181932,1.798,2026-07-23,תומר מזון,מניה רגילה
1182054,1.1307,2026-07-23,ירושליםהנ אגחיח,"אג""ח קונצרני"
1182187,1.1095,2026-07-23,קיסטון אינ אגחא,"אג""ח קונצרני"
1182260,1.191,2026-07-23,קונטיניואל-ש,מניה רגילה
1182385,1.1472,2026-07-23,בינל הנפק אגחיב,"אג""ח קונצרני"
1182484,7.425,2026-07-23,אייקון גרופ,מניה רגילה
1182542,0.5575,2026-07-23,מירלנד אגח ח,"אג""ח קונצרני"
1182559,0.04,2026-07-23,מירלנד אג ט-ש,"אג""ח להמרה"
1182591,3.206,2026-07-23,אפיטומי מדיקל,מניה רגילה
1182666,0.9175,2026-07-23,הראל הנפ אגח יח,"אג""ח קונצרני"
1182799,0.9606,2026-07-23,לוינשט נכ אגח ג,"אג""ח קונצרני"
1182831,1.134,2026-07-23,מימון ישיר אגחה,"אג""ח קונצרני"
1182898,0.555,2026-07-23,מדיפרס יהש,יחידת השתתפות
1182948,0.9484,2026-07-23,פרטנר אגח ח,"אג""ח קונצרני"
1182955,0.95,2026-07-23,מגדל הון אגח ח,"אג""ח קונצרני"
1182989,1.1296,2026-07-23,אשטרום קב אגח ד,"אג""ח קונצרני"
1183037,0.9617,2026-07-23,איידיאייהנ הת ו,"אג""ח קונצרני"
1183151,1.0311,2026-07-23,גירון אגח ח,"אג""ח קונצרני"
1183169,0.9945,2026-07-23,אקסטל אגח ד,"אג""ח קונצרני"
1183193,1.105,2026-07-23,רני צים אגח ג,"אג""ח קונצרני"
1183441,46.1,2026-07-23,אינבסקו.חוץ,"מניות בחו""ל-מניות גיאוגרפי - חשופת מט""ח-אמריקה- שווקים מפותחים"
1183458,318.7,2026-07-23,אינבסקו.חוץ.P.SCORED&S,"מניות בחו""ל-מניות גיאוגרפי - חשופת מט""ח-אמריקה- שווקים מפותחים"
1183466,1333.5,2026-07-23,אינבסקו.חוץPUCITSETF&FINS,"מניות בחו""ל-מניות לפי ענפים בחו""ל - חשופת מט""ח-Financial"
1183474,2409,2026-07-23,אינבסקו.חוץP.HEALTCARE&S,"מניות בחו""ל-מניות לפי ענפים בחו""ל - חשופת מט""ח-Health Care"
1183482,168.4,2026-07-23,אינבסקו.חוץNASDAQ.FINTECH,"מניות בחו""ל-מניות לפי ענפים בחו""ל - חשופת מט""ח-Fintech"
1183490,251.6,2026-07-23,אינבסקו.חוץMSCIEMUCITSETF,"מניות בחו""ל-מניות גיאוגרפי - חשופת מט""ח-גלובלי- שווקים מתעוררים"
1183623,0.9896,2026-07-23,פרשקובסקי אגחיד,"אג""ח קונצרני"
1183656,14.67,2026-07-23,בית בכפר,מניה רגילה
1183714,0.9834,2026-07-23,נקסטקום אגח ג,"אג""ח קונצרני"
1183730,1.1657,2026-07-23,סולאיר אגח א,"אג""ח קונצרני"
1183813,12.06,2026-07-23,אימאג'סט,מניה רגילה
1183920,0.9423,2026-07-23,סאמיט אגח יב,"אג""ח קונצרני"
1183979,1.1146,2026-07-23,אלון רבוע אגח ז,"אג""ח קונצרני"
1184076,0.7639,2026-07-23,ממשל שקלית 1152,"אג""ח ממשלתי שחר"
1184167,0.9682,2026-07-23,יו.אמ.איץ' אגחא,"אג""ח קונצרני"
1184191,0.9591,2026-07-23,מנורה הון התח ז,"אג""ח קונצרני"
1184282,45.99,2026-07-23,יו.אמ.איץ',מנית ריט
1184308,1.03,2026-07-23,אמ.די.ג'י אגח ד,"אג""ח קונצרני"
1184365,17.06,2026-07-23,גרייס ברידינג,מניה רגילה
1184381,15.85,2026-07-23,מור גמל פנסיה,מניה רגילה
1184530,1.1337,2026-07-23,אפי נכסים אגחיד,"אג""ח קונצרני"
1184555,1.0982,2026-07-23,ג'נרישן קפ אגחג,"אג""ח קונצרני"
1184662,1.1799,2026-07-23,פריים אנרג אגחב,"אג""ח קונצרני"
1184779,1.1368,2026-07-23,אלדן תחבו אגח ז,"אג""ח קונצרני"
1184902,43.65,2026-07-23,אקרו,מניה רגילה
1184936,6.792,2026-07-23,אלטשולר שחם פנ,מניה רגילה
1184951,1.182,2026-07-23,דליה אגח א,"אג""ח קונצרני"
1184985,27.2,2026-07-23,הייפר גלובל,מניה רגילה
1185057,28.97,2026-07-23,יעקב פיננסים,מניה רגילה
1185164,472.5,2026-07-23,אינבסקו חוץMSCI.WORLD,"מניות בחו""ל-מניות גיאוגרפי - חשופת מט""ח-גלובלי- שווקים מפותחים"
1185172,577.7,2026-07-23,אינבסקו.חוץSTOX.EUROPE600,"מניות בחו""ל-מניות גיאוגרפי - חשופת מט""ח-אירופה- שווקים מפותחים"
1185180,3109,2026-07-23,אינבסקו.חוץP.TECHNOLOGY&S,"מניות בחו""ל-מניות לפי ענפים בחו""ל - חשופת מט""ח-Information technology"
1185206,91.07,2026-07-23,אינבסקו.חוץIBOXX.AT1.USD,"אג""ח בחו""ל-חברות והמרה חשופת מט""ח"
1185362,5.796,2026-07-23,בית וגג,מניה רגילה
1185537,1.1372,2026-07-23,בינל הנפ התח כו,אגח הוני ניתן למחיקה
1185628,0.9997,2026-07-23,מגדל הון אגח ט,"אג""ח קונצרני"
1185834,1.1311,2026-07-23,מגוריט אגח ד,"אג""ח קונצרני"
1185883,1.0245,2026-07-23,מניף אגח א,"אג""ח קונצרני"
1186055,547.8,2026-07-23,אינבסקו.חוץBLOCKCHAIN,"מניות בחו""ל-מניות לפי ענפים בחו""ל - חשופת מט""ח-Blockchain"
1186063,279.1,2026-07-23,אינבסקו.חוץNASDAQ100SWAP,"מניות בחו""ל-מניות גיאוגרפי - חשופת מט""ח-אמריקה- שווקים מפותחים"
1186071,91.98,2026-07-23,אינבסקו.חוץMSCICHINA,"מניות בחו""ל-מניות גיאוגרפי - חשופת מט""ח-אסיה ופסיפיק- שווקים מתעוררים"
1186162,1.0003,2026-07-23,דמרי אגח י,"אג""ח קונצרני"
1186188,1.1233,2026-07-23,ביג אגח כ,"אג""ח קונצרני"
1186246,1.1439,2026-07-23,פאוורג'ן אגח ב,"אג""ח קונצרני"
1186485,0.9948,2026-07-23,פאי סיאם אגח א,"אג""ח קונצרני"
1186527,45.73,2026-07-23,פאי סיאם,מניה רגילה
1186865,1.0168,2026-07-23,מלרן אגח ד,"אג""ח קונצרני"
1187061,0.1992,2026-07-23,בול מסחר אגח ב,"אג""ח קונצרני"
1187194,1.401,2026-07-23,ישראייר גרופ,מניה רגילה
1187418,1.0025,2026-07-23,יוחננוף אגח א,"אג""ח קונצרני"
1187590,0.028,2026-07-23,ביו מיט אפ 1,אופציה ליח' השתתפות
1187640,2.016,2026-07-23,פרקומט,מניה רגילה
1187962,33.02,2026-07-23,קרסו נדלן,מניה רגילה
1188044,1.0231,2026-07-23,עמרם אברהם אגחא,"אג""ח קונצרני"
1188135,1.0415,2026-07-23,פניקס הון אגחיג,"אג""ח קונצרני"
1188192,1.1589,2026-07-23,פתאל החז אגח ד,"אג""ח קונצרני"
1188200,35,2026-07-23,עמרם,מניה רגילה
1188242,4.015,2026-07-23,שוב אנרגיה,מניה רגילה
1188416,1.641,2026-07-23,יסודות,מניה רגילה
1188572,1.0058,2026-07-23,אקרו אגח א,"אג""ח קונצרני"
1188622,24.52,2026-07-23,פרופדו,מניה רגילה
1188663,0.9619,2026-07-23,נתנאל גרופ אגיג,"אג""ח קונצרני"
1188739,1.0099,2026-07-23,אנקור פרופ אגחג,"אג""ח קונצרני"
1188788,1.0261,2026-07-23,ספנסר אגח ד,"אג""ח קונצרני"
1189190,1.0186,2026-07-23,סלקום אגח יג,"אג""ח קונצרני"
1189224,1.023,2026-07-23,אלמוגים אגח ט,"אג""ח קונצרני"
1189398,1.1855,2026-07-23,אלה פקדון אגח ו,"אג""ח מובנות"
1189406,1.0456,2026-07-23,אלוני חץ אגח יג,"אג""ח קונצרני"
1189414,1.1206,2026-07-23,אלוני חץ אגח טו,"אג""ח קונצרני"
1189497,1.147,2026-07-23,בינל הנפ התח כז,אגח הוני ניתן למחיקה
1189554,1.2931,2026-07-23,פטרוכימים אגח ט,"אג""ח קונצרני"
1189646,1.0221,2026-07-23,מטריקס אגח ב,"אג""ח קונצרני"
1189877,1.0197,2026-07-23,גלעד מאי אגח ב,"אג""ח קונצרני"
1189950,1.1226,2026-07-23,אלה השק אגח א,"אג""ח קונצרני"
1190008,1.0263,2026-07-23,קרסו נדלן אגח א,"אג""ח קונצרני"
1190099,1.0136,2026-07-23,לייטסטון אגח ג,"אג""ח קונצרני"
1190297,1.9188,2026-07-23,פטרוכימים אגח י,"אג""ח קונצרני"
1190305,4.711,2026-07-23,פטרוכימים אפ1,אופציה למניה
1190313,0.438,2026-07-23,פטרוכימים אפ2,אופציה למניה
1190453,1.0399,2026-07-23,אביב בניה אגח 7,"אג""ח קונצרני"
1190586,1.0248,2026-07-23,לונשטן הנד אגחה,"אג""ח קונצרני"
1190628,18.79,2026-07-23,דורסל,מניה רגילה
1190925,0.059,2026-07-23,אלומה אופ 1,אופציה למניה
1191170,1.0192,2026-07-23,רייק אספן אגח א,"אג""ח קונצרני"
1191246,1.1562,2026-07-23,דיסקונט מנ נד ט,אגח הוני ניתן למחיקה
1191329,1.1522,2026-07-23,פועלים התח נד ז,אגח הוני ניתן להמרה
1191345,1.0927,2026-07-23,פועלים אגח 201,"אג""ח קונצרני"
1191386,1.1791,2026-07-23,הראל פיקד אגח ג,"אג""ח מובנות"
1191527,1.1178,2026-07-23,הכשרת ישוב אג25,"אג""ח קונצרני"
1191659,1.1221,2026-07-23,מימון ישיר אגחו,"אג""ח קונצרני"
1191667,1.1078,2026-07-23,מז טפ הנ אגח 66,"אג""ח קונצרני"
1191675,1.1358,2026-07-23,מז טפ הנפ הת 65,אגח הוני ניתן למחיקה
1191824,1.1205,2026-07-23,אלבר אגח יט,"אג""ח קונצרני"
1191832,1.0212,2026-07-23,אלבר אגח כ,"אג""ח קונצרני"
1192079,1.0438,2026-07-23,מגדל הון אגח י,"אג""ח קונצרני"
1192129,1.1063,2026-07-23,מגוריט אגח ה,"אג""ח קונצרני"
1192442,1.1351,2026-07-23,אלדן תחבו אגח ח,"אג""ח קונצרני"
1192459,1.043,2026-07-23,אלדן תחבו אגח ט,"אג""ח קונצרני"
1192608,1.1111,2026-07-23,יוניברסל אגח ה,"אג""ח קונצרני"
1192616,1.0215,2026-07-23,יוניברסל אגח ו,"אג""ח קונצרני"
1192731,1.017,2026-07-23,שלמה החז אגח יט,"אג""ח קונצרני"
1192749,1.1055,2026-07-23,שלמה החז אגח כ,"אג""ח קונצרני"
1192772,1.0165,2026-07-23,הראל הנפ אגח יט,"אג""ח קונצרני"
1193077,1.1366,2026-07-23,נורסטאר אגח יג,"אג""ח קונצרני"
1193143,1.1202,2026-07-23,ויתניה אגח ו,"אג""ח קונצרני"
1193176,1.015,2026-07-23,גבאי מניבאגח יד,"אג""ח קונצרני"
1193192,0.9592,2026-07-23,דה לסר אגח ח,"אג""ח קונצרני"
1193341,1.1325,2026-07-23,להב אגח ג,"אג""ח קונצרני"
1193499,3.016,2026-07-23,כלל ביטוח אג ב,"אג""ח להמרה"
1193580,1.1445,2026-07-23,אאורה אגח יז,"אג""ח קונצרני"
1193598,1.1572,2026-07-23,דליה אגח ב,"אג""ח קונצרני"
1193630,1.142,2026-07-23,נכסים ובנ אגח י,"אג""ח קונצרני"
1193929,1.1531,2026-07-23,מניבים ריט אגחד,"אג""ח קונצרני"
1193952,1.0277,2026-07-23,וילאר אגח י,"אג""ח קונצרני"
1194000,16.78,2026-07-23,סיאון,מניה רגילה
1194018,0.845,2026-07-23,סיאון אגח א,"אג""ח קונצרני"
1194513,2.443,2026-07-23,נתנאל מניבים,מניה רגילה
1194638,1.163,2026-07-23,מליסרון אגח כא,"אג""ח קונצרני"
1194695,33.11,2026-07-23,זפירוס,מניה רגילה
1194802,1.0199,2026-07-23,ממשל שקלית 0229,"אג""ח ממשלתי שחר"
1195346,1.0666,2026-07-23,בזן אגח יג,"אג""ח קונצרני"
1195569,1.0148,2026-07-23,איילון אגח ה,"אג""ח קונצרני"
1195585,1.173,2026-07-23,פניקס הון אגחיב,אגח הוני ניתן למחיקה
1195981,1.0297,2026-07-23,ארפורט אגח י,"אג""ח קונצרני"
1195999,1.1143,2026-07-23,ארפורט אגח יא,"אג""ח קונצרני"
1196179,1.1677,2026-07-23,דלק נכסים אגח א,"אג""ח קונצרני"
1196211,61.19,2026-07-23,דלק נכסים,מניה רגילה
1196542,1.037,2026-07-23,אב-גד אגח ב,"אג""ח קונצרני"
1196781,1.1346,2026-07-23,חשמל אגח 34,"אג""ח קונצרני"
1196799,1.1469,2026-07-23,חשמל אגח 35,"אג""ח קונצרני"
1196807,1.081,2026-07-23,מז טפ הנ אגח 67,"אג""ח קונצרני"
1197029,1.0308,2026-07-23,סטרוברי אגח ד,"אג""ח קונצרני"
1197045,0.8844,2026-07-23,אלה פקדון אגח ט,"אג""ח מובנות"
1197128,1.118,2026-07-23,איסתא אג א,"אג""ח להמרה"
1197276,1.0329,2026-07-23,אלון רבוע אגח ח,"אג""ח קונצרני"
1197284,1.0994,2026-07-23,אלון רבוע אגח ט,"אג""ח קונצרני"
1197326,1.0787,2026-07-23,ממשל צמודה 1028,"אג""ח ממשלתי גליל"
1197565,1.058,2026-07-23,מגדל הון אגח יא,"אג""ח קונצרני"
1197573,1.0651,2026-07-23,מגדל הון אגח יב,"אג""ח קונצרני"
1197607,1.0565,2026-07-23,אקויטל אגח 4,"אג""ח קונצרני"
1197748,1.005,2026-07-23,סופרין אג א,"אג""ח להמרה"
1197763,1.0606,2026-07-23,אורון קב אגח ג,"אג""ח קונצרני"
1197920,1.0945,2026-07-23,כלל הון אגח יג,"אג""ח קונצרני"
1198035,1.93,2026-07-23,נופר אנרג אג ב,"אג""ח להמרה"
1198043,1.0623,2026-07-23,נופר אנרג אגח ג,"אג""ח קונצרני"
1198142,1.128,2026-07-23,ג'י סיטי אג יז,"אג""ח להמרה"
1198175,1.0065,2026-07-23,אנשי העיר אגח א,"אג""ח קונצרני"
1198266,3.181,2026-07-23,אנשי העיר,מניה רגילה
1198571,1.0928,2026-07-23,שוב אנרגיה אגחא,"אג""ח קונצרני"
1198639,1,2026-07-23,לאומי אגח 1 ר-מ,"אג""ח קונצרני"
1198829,1.0325,2026-07-23,בוני תכון אגחכא,"אג""ח קונצרני"
1198860,1.0576,2026-07-23,מניף אגח ב,"אג""ח קונצרני"
1198886,1.0422,2026-07-23,פתאל אירו אגח ה,"אג""ח קונצרני"
1198910,118.8,2026-07-23,בזא,מניה רגילה
1199124,1.0611,2026-07-23,מגדלי תיכוןאגחו,"אג""ח קונצרני"
1199454,1.1564,2026-07-23,פאי פיקדון אגחא,"אג""ח מובנות"
1199470,1.0733,2026-07-23,מנורה הון התח ח,"אג""ח קונצרני"
1199488,1.0744,2026-07-23,בית זיקוק אגח 2,"אג""ח קונצרני"
1199546,1.09,2026-07-23,רנט איט אגח א,"אג""ח קונצרני"
1199579,1.1488,2026-07-23,אשטרום קב אגח ה,"אג""ח קונצרני"
1199603,1.1234,2026-07-23,אפי נכסים אגחטו,"אג""ח קונצרני"
1199645,11.2,2026-07-23,רנט איט,מנית ריט
1199686,1.56,2026-07-23,גפן מגורים אג א,"אג""ח להמרה"
1199744,1.03,2026-07-23,אפי קפיטל אגח ג,"אג""ח קונצרני"
1199850,1.1868,2026-07-23,פועלים אגח 202,"אג""ח קונצרני"
1199868,1.1928,2026-07-23,פועלים אגח 203,"אג""ח קונצרני"
1200880,1.1285,2026-07-23,גלעד פקדון אגחא,"אג""ח מובנות"
1200922,1.1401,2026-07-23,ג'י.אס.אי אגח א,"אג""ח מובנות"
1201144,1.1387,2026-07-23,פאי פיקדון אגחב,"אג""ח מובנות"
1201375,0.106,2026-07-23,ביו מיט אפ 2,אופציה ליח' השתתפות
1201391,1.0585,2026-07-23,כלל ביטוח אגח ג,"אג""ח קונצרני"
1201433,1.0979,2026-07-23,ירושליםהנ אגחיט,"אג""ח קונצרני"
1201466,1.1466,2026-07-23,פועלים הת נד יא,אגח הוני ניתן להמרה
1201821,1.0787,2026-07-23,לאומי אגח 185,"אג""ח קונצרני"
1201839,1.0694,2026-07-23,לאומי אגח 186,"אג""ח קונצרני"
1201896,1.128,2026-07-23,אשטרום נכ אגח14,"אג""ח קונצרני"
1201946,1.0846,2026-07-23,פניקס הון אגחיד,"אג""ח קונצרני"
1201953,1.0313,2026-07-23,פניקס הון אגחטו,"אג""ח קונצרני"
1202142,1.0764,2026-07-23,מז טפ הנ אגח 68,"אג""ח קונצרני"
1202159,1.1137,2026-07-23,מז טפ הנפ הת 69,אגח הוני ניתן למחיקה
1202217,1.087,2026-07-23,ביג אגח כא,"אג""ח קונצרני"
1202290,1.0911,2026-07-23,ישפרו אגח א,"אג""ח קונצרני"
1202332,1.0221,2026-07-23,ממשל שקלית 0335,"אג""ח ממשלתי שחר"
1202340,1.11,2026-07-23,לוזון רונ אגח א,"אג""ח קונצרני"
1202555,1.0416,2026-07-23,עמרם אברהם אגחב,"אג""ח קונצרני"
1202597,36.2,2026-07-23,לוזון רונסון,מניה רגילה
1202647,0.9493,2026-07-23,ג'י.אף.אי אגח ה,"אג""ח קונצרני"
1202779,1.0287,2026-07-23,קרסו מוט' אגח ה,"אג""ח קונצרני"
1202977,368.8,2026-07-23,ישרס אחזקות,מניה רגילה
1203074,1.0322,2026-07-23,אלומיי אגח ו,"אג""ח קונצרני"
1203082,4.45,2026-07-23,אלומיי אפ 2,אופציה למניה
1203157,1.0725,2026-07-23,דיסק מנ אגח טז,"אג""ח קונצרני"
1203181,26.48,2026-07-23,מיטב טרייד,מניה רגילה
1203199,19.46,2026-07-23,מיטב טרייד אפ 1,אופציה למניה
1203264,1.1124,2026-07-23,או.פי.סי אגח ד,"אג""ח קונצרני"
1203405,1.0408,2026-07-23,אאורה אגח יח,"אג""ח קונצרני"
1203496,1.0414,2026-07-23,פרשקובסקי אגחטו,"אג""ח קונצרני"
1203504,1.0601,2026-07-23,מגוריט אגח ו,"אג""ח קונצרני"
1203553,1.0458,2026-07-23,אלקטרהנדלן אגחז,"אג""ח קונצרני"
1203579,1.0356,2026-07-23,ממשל שקלית 0927,"אג""ח ממשלתי שחר"
1203850,1.1421,2026-07-23,ג'י סיטי אגח יח,"אג""ח קונצרני"
1203942,1.0861,2026-07-23,פתאל החז אגח ה,"אג""ח קונצרני"
1204023,1.03,2026-07-23,יובלים אגח ד,"אג""ח קונצרני"
1204064,0.093,2026-07-23,אקסיליון אפ 5,אופציה למניה
1204122,1.087,2026-07-23,מ.ו השקע אגח ב,"אג""ח קונצרני"
1204189,1.0365,2026-07-23,רוטשטיין אגח יב,"אג""ח קונצרני"
1204296,1.0449,2026-07-23,לייטסטון אגח ד,"אג""ח קונצרני"
1204379,1.0652,2026-07-23,ממשל צמודה 1033,"אג""ח ממשלתי גליל"
1204692,1.0076,2026-07-23,מנרב אגח ה,"אג""ח קונצרני"
1204718,0.985,2026-07-23,קופרליין אגח ד,"אג""ח קונצרני"
1204734,1.0263,2026-07-23,צרפתי אגח יג,"אג""ח קונצרני"
1204767,1.05,2026-07-23,ישראייר אג א,"אג""ח להמרה"
1204825,1.0762,2026-07-23,נאוויטס פט אגחו,"אג""ח קונצרני"
1204841,1.0371,2026-07-23,וויי בוקס אגח ה,"אג""ח קונצרני"
1204999,1.1273,2026-07-23,אמות אגח ט,"אג""ח קונצרני"
1205004,1.1222,2026-07-23,אמות אגח י,"אג""ח קונצרני"
1205087,1.1022,2026-07-23,סלע נדלן אגח ה,"אג""ח קונצרני"
1205129,1.0231,2026-07-23,ישראכרט אגח ב,"אג""ח קונצרני"
1205145,0.9752,2026-07-23,ממשל משתנה 1134,אגח ממשלתי גילון חדש
1205475,1.1456,2026-07-23,דוראל אגח ב,"אג""ח קונצרני"
1205566,1.0393,2026-07-23,נכסים בנ אגח יא,"אג""ח קונצרני"
1205640,1.1354,2026-07-23,הכשרת ישוב אג26,"אג""ח קונצרני"
1205681,0.4914,2026-07-23,דה לסר אגח ט,"אג""ח קונצרני"
1205715,1.1384,2026-07-23,ג'י סיטי אגח יט,"אג""ח קונצרני"
1205798,1.1427,2026-07-23,צור אגח יב,"אג""ח קונצרני"
1205913,38.7,2026-07-23,סטרוברי אינק,מנית ריט
1205947,1.108,2026-07-23,פז אנרגיה אגח ט,"אג""ח קונצרני"
1206044,0.3959,2026-07-23,פסיפיק אגח ד,"אג""ח קונצרני"
1206473,1.0547,2026-07-23,נמקו אגח ד,"אג""ח קונצרני"
1206564,1.0612,2026-07-23,גאון אחז אגח ה,"אג""ח קונצרני"
1206580,1.1076,2026-07-23,פאי פיקדון אגחג,"אג""ח מובנות"
1206606,1.0094,2026-07-23,חג'ג' אגח יד,"אג""ח קונצרני"
1206622,1.0193,2026-07-23,אנקור הזד אגח ב,"אג""ח קונצרני"
1206663,1.0139,2026-07-23,בלאקאדג' אגח ג,"אג""ח קונצרני"
1206770,1.0267,2026-07-23,הילה אגח ב,"אג""ח קונצרני"
1206895,466.3,2026-07-23,אינבסקו.חוץ.RUSSELL.2000,"מניות בחו""ל-מניות גיאוגרפי - חשופת מט""ח-אמריקה- שווקים מפותחים"
1206937,1.2,2026-07-23,נור אפ 1,אופציה למניה
1206986,1.0765,2026-07-23,לוזון קב אגח יא,"אג""ח קונצרני"
1207158,1.162,2026-07-23,אדגר אגח יג,"אג""ח קונצרני"
1207190,569.6,2026-07-23,אינבסקו.חוץEUSTOXX50UCITS,"מניות בחו""ל-מניות גיאוגרפי - חשופת מט""ח-אירופה- כללי"
1207208,222.6,2026-07-23,אינבסקו.חוץS&P500EW.UCITS,"מניות בחו""ל-מניות גיאוגרפי - חשופת מט""ח-אמריקה- שווקים מפותחים"
1207471,1.0911,2026-07-23,אלרוב נדלן אגחז,"אג""ח קונצרני"
1207489,0.817,2026-07-23,ארבה אג א,"אג""ח להמרה"
1207513,1.1097,2026-07-23,מגדל הון אגח יג,"אג""ח קונצרני"
1207521,1.1176,2026-07-23,מגדל הון אגח יד,"אג""ח קונצרני"
1207604,1.0176,2026-07-23,אלטיטיוד אגח ב,"אג""ח קונצרני"
1207752,1.0669,2026-07-23,אלקו אגח יד,"אג""ח קונצרני"
1207836,1.0627,2026-07-23,ישראל קנדה אגחח,"אג""ח קונצרני"
1207927,1.0486,2026-07-23,שובל אגח א,"אג""ח קונצרני"
1207968,7.525,2026-07-23,שובל,מניה רגילה
1207984,1.1196,2026-07-23,הראל הנפק אגח כ,"אג""ח קונצרני"
1208008,0.981,2026-07-23,נתנאל גרופ אגיד,"אג""ח קונצרני"
1208339,1.0877,2026-07-23,גב ים אגח יא,"אג""ח קונצרני"
1208388,1.0685,2026-07-23,מ.ו השקע אגח ג,"אג""ח קונצרני"
1208495,0.8417,2026-07-23,סאמיט אגח יג,"אג""ח קונצרני"
1208511,1.066,2026-07-23,ווסטדייל אגח ג,"אג""ח קונצרני"
1208594,0.171,2026-07-23,בלייד ריינ אפ 1,אופציה למניה
1208784,1.0638,2026-07-23,תדיראן גרו אגח4,"אג""ח קונצרני"
1208867,1.1165,2026-07-23,ג'י סיטי אגח כ,"אג""ח קונצרני"
1208933,1.0411,2026-07-23,גשם למשתכן אגחא,"אג""ח קונצרני"
1209014,1.0295,2026-07-23,אורשי אגח ה,"אג""ח קונצרני"
1209063,1.03,2026-07-23,הילה אגח ג,"אג""ח קונצרני"
1209113,1.0979,2026-07-23,הראל פיקד אגח ד,"אג""ח מובנות"
1209170,1.0415,2026-07-23,אמ.די.ג'י אגח ז,"אג""ח קונצרני"
1209220,28.42,2026-07-23,אינבסקו.חוץ.FTSEALLWORLD,"מניות בחו""ל-מניות גיאוגרפי - חשופת מט""ח-גלובלי- כללי"
1209253,1.1439,2026-07-23,עזריאלי אגח ט,"אג""ח קונצרני"
1209279,1.0992,2026-07-23,אביעד פקדוןאגחא,"אג""ח מובנות"
1209295,1.037,2026-07-23,רותם שני אגח ג,"אג""ח קונצרני"
1209303,12.2,2026-07-23,רותם שני אפ 2,אופציה למניה
1209436,1.0116,2026-07-23,רם אדרת אגח ב,"אג""ח קונצרני"
1209477,421.2,2026-07-23,טיאסג'י,מניה רגילה
1209824,1.212,2026-07-23,רב בריח אג א,"אג""ח להמרה"
1209899,1.02,2026-07-23,סטרברי אנ אגח א,"אג""ח קונצרני"
1210152,5.582,2026-07-23,קרדן ישראל,מניה רגילה
1210202,0.9908,2026-07-23,קרדן אגח ה,"אג""ח קונצרני"
1210236,1.0234,2026-07-23,סופרין אגח ב,"אג""ח קונצרני"
1210327,1.2033,2026-07-23,קרדיטו אגח א,"אג""ח מרובה פדיונות"
1210384,1.0971,2026-07-23,אלה פקדון אגח י,"אג""ח מובנות"
1210442,0.978,2026-07-23,מודיעין אג ב,"אג""ח להמרה"
1210483,1.0957,2026-07-23,ג'י.אס.אי אגח ב,"אג""ח מובנות"
1210541,1.0956,2026-07-23,גלעד פקדון אגחב,"אג""ח מובנות"
1210947,1.1505,2026-07-23,אפי נכסים אגחטז,"אג""ח קונצרני"
1211010,1.0967,2026-07-23,ספיר פקדון אגחא,"אג""ח מובנות"
1211036,1.0648,2026-07-23,רימון אגח א,"אג""ח קונצרני"
1211069,1.106,2026-07-23,דיסקונט מנ נד י,אגח הוני ניתן למחיקה
1211283,1.0899,2026-07-23,מגה אור אגח יב,"אג""ח קונצרני"
1211358,1.0135,2026-07-23,אלמוגים אגח יא,"אג""ח קונצרני"
1211416,1.0813,2026-07-23,נופר אנרג אגח ד,"אג""ח קונצרני"
1211457,1.079,2026-07-23,מהדרין אגח א,"אג""ח קונצרני"
1211515,1.108,2026-07-23,תשת אנרג אגח ב,"אג""ח קונצרני"
1211556,1.0821,2026-07-23,פורמולה אגח ד,"אג""ח קונצרני"
1211564,1.1178,2026-07-23,ארפורט אגח יב,"אג""ח קונצרני"
1211606,1.0711,2026-07-23,דמרי אגח יא,"אג""ח קונצרני"
1211648,1.0494,2026-07-23,סילברסטין אגח ג,"אג""ח קונצרני"
1211655,1.0483,2026-07-23,אמ.די.ג'י אגח ח,"אג""ח קונצרני"
1211770,1.0211,2026-07-23,אב-גד אגח ג,"אג""ח קונצרני"
1211796,1.02,2026-07-23,גבאי מניבאגח טו,"אג""ח קונצרני"
1211937,1.055,2026-07-23,ברנד אגח ב,"אג""ח קונצרני"
1211986,1.0393,2026-07-23,בזן אגח טו,"אג""ח קונצרני"
1212331,1.0494,2026-07-23,ארי נדלן אגח ב,"אג""ח קונצרני"
1212349,2.118,2026-07-23,ארי נדלן אפ 1,אופציה למניה
1212455,1.0923,2026-07-23,בלדי אגח 1,"אג""ח קונצרני"
1212489,1.0345,2026-07-23,אפי קפיטל אגח ד,"אג""ח קונצרני"
1212539,57.09,2026-07-23,בלדי,מניה רגילה
1212547,1.0156,2026-07-23,מישורים אגח י,"אג""ח קונצרני"
1212588,0.9985,2026-07-23,לייטסטון אגח ה,"אג""ח קונצרני"
1212646,1.0721,2026-07-23,רוטשטיין אגח יג,"אג""ח קונצרני"
1212679,1.0867,2026-07-23,מלרן אגח ה,"אג""ח קונצרני"
1212695,0.84,2026-07-23,מידאס אגח ה,"אג""ח קונצרני"
1212752,1.0713,2026-07-23,ג'י סיטי אגח כא,"אג""ח קונצרני"
1212851,1.0324,2026-07-23,ספנסר אגח ה,"אג""ח קונצרני"
1212869,1.0272,2026-07-23,ספנסר אגח ו,"אג""ח קונצרני"
1212893,1.071,2026-07-23,ממשל שקלית 0829,"אג""ח ממשלתי שחר"
1213214,1.066,2026-07-23,נמקו אגח ה,"אג""ח קונצרני"
1213396,0.9956,2026-07-23,רבוע נדלן אגח י,"אג""ח קונצרני"
1213453,1.0886,2026-07-23,אלה פקדון אגחיא,"אג""ח מובנות"
1213503,1.0804,2026-07-23,פאי פלוס אגח א,"אג""ח מובנות"
1213537,1.0047,2026-07-23,שוהם ביזנס אגחה,"אג""ח קונצרני"
1213750,0.995,2026-07-23,רמות בעיר אגח ג,"אג""ח קונצרני"
1213834,1.0088,2026-07-23,גרייסטון אגח א,"אג""ח קונצרני"
1213883,1.0743,2026-07-23,מז טפ הנ אגח 70,"אג""ח קונצרני"
1213891,1.0948,2026-07-23,מז טפ הנפ הת 71,אגח הוני ניתן למחיקה
1214121,1.114,2026-07-23,פועלים הת נד יב,אגח הוני ניתן להמרה
1214139,1.1641,2026-07-23,פועלים הת נד יג,אגח הוני ניתן להמרה
1214360,1.0859,2026-07-23,הראל ריב אגח א,"אג""ח מובנות"
1214428,1.0804,2026-07-23,אקונרג'י אגח ב,"אג""ח קונצרני"
1214451,1.0853,2026-07-23,פאי פלוס אגח ב,"אג""ח מובנות"
1214501,1.0768,2026-07-23,גלעד פקדון אגחג,"אג""ח מובנות"
1214592,1.0849,2026-07-23,אביעד פקדוןאגחב,"אג""ח מובנות"
1214626,1,2026-07-23,מיי טאון אגח א,"אג""ח קונצרני"
1214675,1.0205,2026-07-23,מכלול אגח ב,"אג""ח קונצרני"
1214790,1.0385,2026-07-23,אסאר אקורד אגחג,"אג""ח קונצרני"
1214816,1.888,2026-07-23,ג'י סיטי אופ 11,אופציה למניה
1214832,1.079,2026-07-23,סולאיר אגח ב,"אג""ח קונצרני"
1214865,1.0425,2026-07-23,שמואל בר אגח א,"אג""ח קונצרני"
1214881,1.028,2026-07-23,וויי בוקס אגח ו,"אג""ח קונצרני"
1214964,3.099,2026-07-23,ג'נרישן קפ אגחד,"אג""ח להמרה"
1215037,1.0704,2026-07-23,גלעד פקדון אגחד,"אג""ח מובנות"
1215078,1.0615,2026-07-23,קיסטון אינ אגחב,"אג""ח קונצרני"
1215094,1.019,2026-07-23,מצלאוי אגח ח,"אג""ח קונצרני"
1215110,1.0278,2026-07-23,בלאקאדג' אגח ד,"אג""ח קונצרני"
1215136,1.0453,2026-07-23,בית זיקוק אגח 3,"אג""ח קונצרני"
1215219,1.0054,2026-07-23,אשל הירדן אגח ב,"אג""ח קונצרני"
1215243,0.9797,2026-07-23,אמ.די.ג'י אגח ט,"אג""ח קונצרני"
1215763,1.046,2026-07-23,ישפרו אגח ב,"אג""ח קונצרני"
1215862,1.0215,2026-07-23,עמרם אברהם אגחג,"אג""ח קונצרני"
1215896,1.0225,2026-07-23,דוניץ אגח ג,"אג""ח קונצרני"
1215953,1.0497,2026-07-23,דיסק מנ אגח יז,"אג""ח קונצרני"
1215961,0.542,2026-07-23,שובל הנדסה אפ 1,אופציה למניה
1216027,1.0545,2026-07-23,אלבר אגח כא,"אג""ח קונצרני"
1216035,1.0282,2026-07-23,אלבר אגח כב,"אג""ח קונצרני"
1216043,1.0336,2026-07-23,נאוויטס אגח ז,"אג""ח קונצרני"
1216118,1.0503,2026-07-23,ריט אזורים אגחג,"אג""ח קונצרני"
1216183,1.0799,2026-07-23,פאי פלוס אגח ג,"אג""ח מובנות"
1216233,1.049,2026-07-23,קרסו נדלן אגח ב,"אג""ח קונצרני"
1216241,1.0724,2026-07-23,ויתניה אגח ז,"אג""ח קונצרני"
1216282,4.003,2026-07-23,פאי סיאם אפ 1,אופציה למניה
1216373,1.0102,2026-07-23,מגידו אגח א,"אג""ח קונצרני"
1216423,1.08,2026-07-23,לאומי התח נד406,אגח הוני ניתן להמרה
1216449,0.9832,2026-07-23,יובלים אגח ה,"אג""ח קונצרני"
1216514,1.0329,2026-07-23,לייטסטון אגח ו,"אג""ח קונצרני"
1216555,0.9885,2026-07-23,פאי סיאם אגח ב,"אג""ח קונצרני"
1216589,0.8975,2026-07-23,גלעד פקדון אגחו,"אג""ח מובנות"
1216605,5.809,2026-07-23,מגידו,מניה רגילה
1216621,0.989,2026-07-23,מגוריט אגח ז,"אג""ח קונצרני"
1216647,0.948,2026-07-23,חג'ג' אגח טו,"אג""ח קונצרני"
1216654,1.491,2026-07-23,חג'ג' אפ 1,אופציה למניה
1216662,33.38,2026-07-23,בלדי אפ 1,אופציה למניה
1216720,1.0392,2026-07-23,מניף אגח ג,"אג""ח קונצרני"
1216746,1.014,2026-07-23,ברקת קפ אגח א,"אג""ח קונצרני"
1217173,1.0755,2026-07-23,אלה פקדון אגחיב,"אג""ח מובנות"
1217215,1.0423,2026-07-23,מודיעין אגח ג,"אג""ח קונצרני"
1217256,1.0186,2026-07-23,מ.ו השקע אגח ד,"אג""ח קונצרני"
1217280,0.074,2026-07-23,אקסיליון אפ 7,אופציה למניה
1217314,0.9805,2026-07-23,רם אדרת אגח ג,"אג""ח קונצרני"
1217355,1.0359,2026-07-23,מנרב אגח ו,"אג""ח קונצרני"
1217363,0.951,2026-07-23,נתנאל גרופ אגטו,"אג""ח קונצרני"
1217389,1.0587,2026-07-23,דלק קב אגח מ,"אג""ח קונצרני"
1217421,1.0316,2026-07-23,אפי קפיטל אגח ה,"אג""ח קונצרני"
1217488,1.0228,2026-07-23,שובל אגח ב,"אג""ח קונצרני"
1217538,1.0469,2026-07-23,אלומיי אגח ז,"אג""ח קונצרני"
1217553,1.0272,2026-07-23,קרדן נדלן אגח ו,"אג""ח קונצרני"
1217611,1.021,2026-07-23,פרופדו אגח א,"אג""ח קונצרני"
1217660,1.07,2026-07-23,משק אנרג אגח ב,"אג""ח קונצרני"
1217694,1.0629,2026-07-23,מגדלי תיכוןאגחז,"אג""ח קונצרני"
1217702,10.52,2026-07-23,אלעד תוכנה,מניה רגילה
1217785,0.25,2026-07-23,איידנטי אפ 4,אופציה למניה
1217892,0.9935,2026-07-23,אלמוגים אגח יב,"אג""ח קונצרני"
1217918,74.22,2026-07-23,סולאיר אפ 1,אופציה למניה
1217959,1.0485,2026-07-23,לונשטן הנד אגחו,"אג""ח קונצרני"
1217975,1.0374,2026-07-23,פריים אנרג אגחג,"אג""ח קונצרני"
1218007,0.994,2026-07-23,בוני תכון אגחכב,"אג""ח קונצרני"
1218023,1.0184,2026-07-23,אמ.די.ג'י אגח י,"אג""ח קונצרני"
1218122,1.0495,2026-07-23,אנלייט אנר אגחז,"אג""ח קונצרני"
1218130,3.587,2026-07-23,אנלייט אנ אג ח,"אג""ח להמרה"
1218171,0.9829,2026-07-23,קנדה גלוב אגח א,"אג""ח קונצרני"
1218189,2.702,2026-07-23,קנדה גלובל אפ 1,אופציה למניה
1218205,2.41,2026-07-23,גילת טלקום אג ד,"אג""ח להמרה"
1218221,0.9651,2026-07-23,רמות בעיר אגח ד,"אג""ח קונצרני"
1218635,1.0122,2026-07-23,אקסטל אגח ה,"אג""ח קונצרני"
1218650,0.887,2026-07-23,יסודות אג ב,"אג""ח להמרה"
1218676,1.0742,2026-07-23,איביאי פק אגח א,"אג""ח מובנות"
1218718,1.073,2026-07-23,פאי פלוס אגח ד,"אג""ח מובנות"
1218767,0.706,2026-07-23,ג'י.אף.אי אגח ו,"אג""ח קונצרני"
1218783,1.0727,2026-07-23,הראל ריב אגח ב,"אג""ח מובנות"
1218833,0.9467,2026-07-23,חגג אירופה אגחה,"אג""ח קונצרני"
1218841,8.108,2026-07-23,חגג אירופה אפ 1,אופציה למניה
1218965,1.049,2026-07-23,נאייקס אגח א,"אג""ח קונצרני"
1218973,1.0639,2026-07-23,רני צים אגח ד,"אג""ח קונצרני"
1218981,75.7,2026-07-23,נאייקס אפ 1,אופציה למניה
1219039,1.0723,2026-07-23,ספיר פקדון אגחב,"אג""ח מובנות"
1219112,1.0716,2026-07-23,גלעד פקדון אגחה,"אג""ח מובנות"
1219161,0.204,2026-07-23,אימד אפ 1,אופציה ליח' השתתפות
1219286,1.0734,2026-07-23,פתאל אירו אגח ו,"אג""ח קונצרני"
1219310,1.0374,2026-07-23,מלרן אגח ו,"אג""ח קונצרני"
1219336,0.9841,2026-07-23,יוזמות אגח א,"אג""ח קונצרני"
1219369,1.0662,2026-07-23,מנורה הון התח ט,"אג""ח קונצרני"
1219518,1.0612,2026-07-23,מרב פקדון אגח א,"אג""ח מובנות"
1220128,1.0806,2026-07-23,מימון ישיר אגחז,"אג""ח קונצרני"
1220193,1.0915,2026-07-23,דוראל אגח ג,"אג""ח קונצרני"
1220326,1.025,2026-07-23,שמן נדלן אג 1,"אג""ח להמרה"
1220334,1.0629,2026-07-23,פניקס הון אגחטז,"אג""ח קונצרני"
1220342,1.0956,2026-07-23,פניקס הון אגחיז,"אג""ח קונצרני"
1220383,1.0616,2026-07-23,אפי נכסים אגחיז,"אג""ח קונצרני"
1220425,1.0535,2026-07-23,עלמא אגח א,"אג""ח קונצרני"
1220482,0.9802,2026-07-23,אנקור הזד אגח ג,"אג""ח קונצרני"
1220524,1.1046,2026-07-23,כלל הון אגח יד,"אג""ח קונצרני"
1220540,1.038,2026-07-23,לסיכו אגח ב,"אג""ח קונצרני"
1220607,1.0964,2026-07-23,הראל הנפק נד כא,אגח הוני ניתן למחיקה
1220714,1.0835,2026-07-23,מבנה אגח כו,"אג""ח קונצרני"
1220722,1.041,2026-07-23,ממשל צמודה 0431,"אג""ח ממשלתי גליל"
1220755,7.796,2026-07-23,אורבניקה,מניה רגילה
1220839,1.0224,2026-07-23,אופל בלאנס אגחד,"אג""ח קונצרני"
1221274,1.0168,2026-07-23,בית בכפר אגח א,"אג""ח קונצרני"
1221282,1.286,2026-07-23,בית בכפר אפ 1,אופציה למניה
1221373,0.274,2026-07-23,שמיים אפ 2,אופציה למניה
1221399,1.0635,2026-07-23,אביעד פקדוןאגחג,"אג""ח מובנות"
1221589,1.0748,2026-07-23,חשמל אגח 36,"אג""ח קונצרני"
1221597,1.1018,2026-07-23,חשמל אגח 37,"אג""ח קונצרני"
1221720,1.0553,2026-07-23,איביאי פק אגח ב,"אג""ח מובנות"
1221761,0.799,2026-07-23,אוטומקס אגח ג,"אג""ח קונצרני"
1221787,1.0185,2026-07-23,פטרוכימים אגחיא,"אג""ח קונצרני"
1221902,1.0543,2026-07-23,מרב פקדון אגח ב,"אג""ח מובנות"
1221993,1.0576,2026-07-23,הראל ריב אגח ג,"אג""ח מובנות"
1222116,0.9989,2026-07-23,נץ יואסאי אגח א,"אג""ח קונצרני"
1222157,1.0239,2026-07-23,דסטיני אגח א,"אג""ח קונצרני"
1222231,1.0643,2026-07-23,זפירוס אגח א,"אג""ח קונצרני"
1222306,1.0634,2026-07-23,פאי פיקדון אגחד,"אג""ח מובנות"
1222397,1.0633,2026-07-23,ספיר פקדון אגחג,"אג""ח מובנות"
1222462,44.44,2026-07-23,אר פי אופטיקל,מניה רגילה
1222496,0.91,2026-07-23,ליאם אגח א,"אג""ח קונצרני"
1222587,1.0728,2026-07-23,גב ים אגח יב,"אג""ח קונצרני"
1223031,0.968,2026-07-23,אוטונומוס אג 1,"אג""ח להמרה"
1223155,1.0639,2026-07-23,וילאר אגח יא,"אג""ח קונצרני"
1223171,1.0229,2026-07-23,נמקו אגח ו,"אג""ח קונצרני"
1223197,1.0429,2026-07-23,רייסדור אגח א,"אג""ח קונצרני"
1223239,1.0051,2026-07-23,אג'לן אגח א,"אג""ח קונצרני"
1223296,1.0674,2026-07-23,אאורה אגח יט,"אג""ח קונצרני"
1223320,1.019,2026-07-23,אלמוג אגח א,"אג""ח קונצרני"
1223353,0.9942,2026-07-23,ישפרו אגח ג,"אג""ח קונצרני"
1223411,1.0593,2026-07-23,פרשקובסקי אגחטז,"אג""ח קונצרני"
1223452,1.0373,2026-07-23,פועלים אגח 102,"אג""ח קונצרני"
1223486,1.0519,2026-07-23,אזורים אגח 16,"אג""ח קונצרני"
1223585,1.0806,2026-07-23,נורסטאר אגח יד,"אג""ח קונצרני"
1223692,1.0607,2026-07-23,איביאי פק אגח ג,"אג""ח מובנות"
1223718,1.0934,2026-07-23,משק אנרג אגח ג,"אג""ח קונצרני"
1223734,0.985,2026-07-23,סטרברי אנ אגח ב,"אג""ח קונצרני"
1223809,1.0191,2026-07-23,מותג עירוניאגחא,"אג""ח קונצרני"
1223841,1.0092,2026-07-23,גמא אגח ד,"אג""ח קונצרני"
1223858,3.792,2026-07-23,מותג עירוני,מניה רגילה
1223908,0.872,2026-07-23,אופק השק אגח א,"אג""ח קונצרני"
1223940,1.049,2026-07-23,מרב פקדון אגח ג,"אג""ח מובנות"
1223965,1.0314,2026-07-23,פריורטק אגח ב,"אג""ח קונצרני"
1223999,1.0227,2026-07-23,פנינסולה אגח ד,"אג""ח קונצרני"
1224013,1.0252,2026-07-23,גבאי קב אגח א,"אג""ח קונצרני"
1224070,0.989,2026-07-23,קופרליין אגח ה,"אג""ח קונצרני"
1224096,1.1394,2026-07-23,ריט 1 אגח ח,"אג""ח קונצרני"
1224112,0.9465,2026-07-23,ספנסר אגח ז,"אג""ח קונצרני"
1224617,0.801,2026-07-23,מיה דינמיקס אג1,"אג""ח להמרה"
1224633,1.0592,2026-07-23,דניאל פק אגח א,"אג""ח מובנות"
1224641,56.57,2026-07-23,גבאי קבוצה,מניה רגילה
1224666,1.0632,2026-07-23,צור אגח יג,"אג""ח קונצרני"
1224690,1.033,2026-07-23,יצוא אגח ב,"אג""ח קונצרני"
1224781,1.0278,2026-07-23,נתנאל מניב אגחא,"אג""ח קונצרני"
1224849,1.0337,2026-07-23,ג'יטי נדלן אגחא,"אג""ח קונצרני"
1224864,0.9741,2026-07-23,קסטלן אגח א,"אג""ח קונצרני"
1224880,0.9961,2026-07-23,קסטלן אגח ב,"אג""ח קונצרני"
1224948,1.0443,2026-07-23,ביג אגח כב,"אג""ח קונצרני"
1224955,1.0397,2026-07-23,ביג אגח כג,"אג""ח קונצרני"
1224971,1.0221,2026-07-23,פרש גרופ אגח א,"אג""ח קונצרני"
1224989,1.017,2026-07-23,בית וגג אגח א,"אג""ח קונצרני"
1225036,0.353,2026-07-23,אמות אפ 12,אופציה למניה
1225143,1.0343,2026-07-23,מקס איט אגח ה,"אג""ח קונצרני"
1225176,0.964,2026-07-23,פינרג'י אפ 2,אופציה למניה
1225184,2.79,2026-07-23,מגידו אפ 1,אופציה למניה
1225200,11.36,2026-07-23,אמפא,מניה רגילה
1225283,1.0442,2026-07-23,אלדן תחבו אגח י,"אג""ח קונצרני"
1225291,1.0306,2026-07-23,אלדן תחבו אגחיא,"אג""ח קונצרני"
1225317,0.9536,2026-07-23,אשל הירדן אגח ג,"אג""ח קונצרני"
1225648,0.996,2026-07-23,נאוי אגח ז,"אג""ח קונצרני"
1225689,1.0467,2026-07-23,עזריאלי אגח י,"אג""ח קונצרני"
1225739,0.89,2026-07-23,יו.אמ.איץ' אגחב,"אג""ח קונצרני"
1225770,0.876,2026-07-23,מידאס אג 2,"אג""ח להמרה"
1225838,1.007,2026-07-23,אפקון החז אגח ה,"אג""ח קונצרני"
1225846,440,2026-07-23,אפקון החז אפ 1,אופציה למניה
1225887,1.0004,2026-07-23,אמריקן אק אגח א,"אג""ח קונצרני"
1225929,0.975,2026-07-23,אב-גד אגח ד,"אג""ח קונצרני"
1225937,1.596,2026-07-23,אב-גד אופ 2,אופציה למניה
1226018,0.9932,2026-07-23,גלעד מאי אגח ג,"אג""ח קונצרני"
1226059,1.0085,2026-07-23,אקרו אגח ב,"אג""ח קונצרני"
1226117,1.0531,2026-07-23,ג'י.אס.אי אגח ג,"אג""ח מובנות"
1226133,1.0554,2026-07-23,ספיר פקדון אגחד,"אג""ח מובנות"
1226224,1.0265,2026-07-23,קרסו מוט' אגח ו,"אג""ח קונצרני"
1226240,1.0111,2026-07-23,ממשל שקלית 0728,"אג""ח ממשלתי שחר"
1226273,1.0479,2026-07-23,סונול נד אגח א,"אג""ח קונצרני"
1226299,0.9634,2026-07-23,לוינסקי אגח ה,"אג""ח קונצרני"
1226307,0.25,2026-07-23,לוינסקי אפ 2,אופציה למניה
1226331,1.0666,2026-07-23,שפיר הנדס אגח ד,"אג""ח קונצרני"
1226844,0.9277,2026-07-23,אנקור פרופ אגחה,"אג""ח קונצרני"
1226877,43.39,2026-07-23,סונול נדלן,מניה רגילה
1226885,0.822,2026-07-23,רגא שרותים,מניה רגילה
1226893,0.326,2026-07-23,רגא שרותים אפ 1,אופציה למניה
1226901,0.41,2026-07-23,רגא שרותים אפ 2,אופציה למניה
1226950,10.41,2026-07-23,אמפא מסחרי 1,"ני""ע מסחריים"
1226968,1.0299,2026-07-23,אלביט נד אגח י,"אג""ח קונצרני"
1226984,1.0021,2026-07-23,רייק אספן אגח ב,"אג""ח קונצרני"
1226992,4.289,2026-07-23,לודן-טק,מניה רגילה
1227032,1.0635,2026-07-23,ביג אגח כד,"אג""ח קונצרני"
1227057,0.9284,2026-07-23,מגוריט אגח ח,"אג""ח קונצרני"
1227073,1.0222,2026-07-23,פנטהאוז אגח א,"אג""ח קונצרני"
1227206,1.0517,2026-07-23,דניאל פק אגח ב,"אג""ח מובנות"
1227305,1.0198,2026-07-23,גשם למשתכן אגחב,"אג""ח קונצרני"
1227321,7.574,2026-07-23,יעז יזמות,מניה רגילה
1227354,0.307,2026-07-23,יוניק-טק אפ 2,אופציה ליח' השתתפות
1227438,1.066,2026-07-23,פועלים הת נד יד,אגח הוני ניתן להמרה
1227446,1.0652,2026-07-23,פועלים הת נד טו,אגח הוני ניתן להמרה
1227453,1.0524,2026-07-23,פועלים אגח 204,"אג""ח קונצרני"
1227552,7.277,2026-07-23,אקסון ויז'ן,מניה רגילה
1227560,2.101,2026-07-23,אקסון ויזן אפ1,אופציה למניה
1227628,1.0014,2026-07-23,לנטרה קנדה אגחא,"אג""ח קונצרני"
1227719,1.0514,2026-07-23,איביאי פק אגח ד,"אג""ח מובנות"
1227750,1.0676,2026-07-23,דיסקנט מנ נד יא,אגח הוני ניתן למחיקה
1227784,1.0487,2026-07-23,ממשל שקלית 1035,"אג""ח ממשלתי שחר"
1228329,1.0498,2026-07-23,אביעד פקדוןאגחד,"אג""ח מובנות"
1228345,1.0333,2026-07-23,הראל הנפ אגח כב,"אג""ח קונצרני"
1228352,1.0281,2026-07-23,הראל הנפ אגח כג,"אג""ח קונצרני"
1228410,1.0493,2026-07-23,מגדל הון אגח טו,"אג""ח קונצרני"
1228428,1.0447,2026-07-23,מגדל הון אגח טז,"אג""ח קונצרני"
1228469,1.0462,2026-07-23,בינל הנפק אגחיג,"אג""ח קונצרני"
1228477,10.3607,2026-07-23,בינל הנפ מסחרי1,"ני""ע מסחריים"
1228535,0.9939,2026-07-23,פיקהיל אגח א,"אג""ח קונצרני"
1228584,1.0488,2026-07-23,הראל ריב אגח ד,"אג""ח מובנות"
1228618,1.0789,2026-07-23,דלק קב אגח מא,"אג""ח קונצרני"
1228659,1.0306,2026-07-23,לאומי אגח 187,"אג""ח קונצרני"
1228667,1.0575,2026-07-23,לאומי אגח 188,"אג""ח קונצרני"
1228675,10.356,2026-07-23,לאומי מסחרי 9,"ני""ע מסחריים"
1228766,1.0612,2026-07-23,שכון ובי אגח 11,"אג""ח קונצרני"
1228782,1.006,2026-07-23,בלאקאדג' אגח ה,"אג""ח קונצרני"
1228808,13.69,2026-07-23,מחלבות גד,מניה רגילה
1228824,26.83,2026-07-23,נאוויטס פט אפ 6,אופציה ליח' השתתפות
1228915,1.048,2026-07-23,פאי ריבית אגח א,"אג""ח מובנות"
1228931,0.122,2026-07-23,אדגר אפ 9,אופציה למניה
1228972,1.0623,2026-07-23,סאמיט אגח יד,"אג""ח קונצרני"
1229004,1.0514,2026-07-23,מנורה הון התח י,אגח הוני ניתן למחיקה
1229046,1.0696,2026-07-23,שוב אנרגיה אגחב,"אג""ח קונצרני"
1229129,0.9781,2026-07-23,אמטראסט אגח א,"אג""ח קונצרני"
1229160,1.0499,2026-07-23,אספן גרופ אגח י,"אג""ח קונצרני"
1229202,1.041,2026-07-23,הראל ריב אגח ה,"אג""ח מובנות"
1229228,0.9935,2026-07-23,ווישור אגח א,"אג""ח קונצרני"
1229244,1.0512,2026-07-23,ישראמקו אגח ד,"אג""ח קונצרני"
1229251,5.306,2026-07-23,ווישור אפ 1,אופציה למניה
1229285,1.0467,2026-07-23,אמפא אגח א,"אג""ח קונצרני"
1229327,0.197,2026-07-23,ביולייט אפ 10,אופציה למניה
1229335,54.4,2026-07-23,מכפל טכנולוגיות,מניה רגילה
1229350,1.0651,2026-07-23,איידיאייהנ הת ז,"אג""ח קונצרני"
1229384,1.084,2026-07-23,אלוני חץ אגח טז,"אג""ח קונצרני"
1229392,1.0969,2026-07-23,אלוני חץ אגח יז,"אג""ח קונצרני"
1229418,1.0607,2026-07-23,בסר הנדסה אגח א,"אג""ח קונצרני"
1229434,1.0511,2026-07-23,חלל תקש אגח יט,"אג""ח קונצרני"
1229442,0.9534,2026-07-23,חלל תקש אגח כ,"אג""ח קונצרני"
1229525,0.9805,2026-07-23,דורסל אגח א,"אג""ח קונצרני"
1230051,0.9946,2026-07-23,ליוינג סטן אגחא,"אג""ח קונצרני"
1230150,0.01,2026-07-23,רותם ארנג אופ 9,אופציה ליח' השתתפות
1230184,1.0357,2026-07-23,פאי ריבית אגח ב,"אג""ח מובנות"
1230226,1.0368,2026-07-23,איביאי פק אגח ה,"אג""ח מובנות"
1230267,0.471,2026-07-23,רני צים אפ 2,אופציה למניה
1230275,0.9627,2026-07-23,רני צים אגח ה,"אג""ח קונצרני"
1230283,1.0126,2026-07-23,פניקס הון אגחיח,אגח הוני ניתן למחיקה
1230309,1.0449,2026-07-23,כלל הון אגח טו,אגח הוני ניתן למחיקה
1230325,1.0342,2026-07-23,מרב פקדון אגח ד,"אג""ח מובנות"
1230416,0.9738,2026-07-23,הילה אגח ד,"אג""ח קונצרני"
1230432,1.0363,2026-07-23,דניאל פק אגח ג,"אג""ח מובנות"
1230580,0.9586,2026-07-23,מור השקעות אגחב,"אג""ח קונצרני"
1230598,9.389,2026-07-23,מור השקעות אפ 2,אופציה למניה
1230614,1.0192,2026-07-23,אינרום אגח א,"אג""ח קונצרני"
1230655,6.469,2026-07-23,פרוספקט,מניה רגילה
1230671,0.9212,2026-07-23,פרוספקט אגח א,"אג""ח קונצרני"
1230705,1.112,2026-07-23,ארגו פרופ אג 1,"אג""ח להמרה"
1230713,0.9346,2026-07-23,ממשל צמודה 0456,"אג""ח ממשלתי גליל"
1230739,1.0191,2026-07-23,מדיפאואר אגח ג,"אג""ח קונצרני"
1230762,1.0111,2026-07-23,רוטשטיין אגח יד,"אג""ח קונצרני"
1231232,0.9183,2026-07-23,אנשי העיר אגח ב,"אג""ח קונצרני"
1231307,0.9682,2026-07-23,מגוריט אגח ט,"אג""ח קונצרני"
1231315,0.9512,2026-07-23,מגוריט אגח י,"אג""ח קונצרני"
1231331,1.017,2026-07-23,פאוורג'ן אגח ג,"אג""ח קונצרני"
1231406,1.0331,2026-07-23,אביעד פקדוןאגחה,"אג""ח מובנות"
1231422,1.0307,2026-07-23,דורסל אגח ב,"אג""ח קונצרני"
1231448,1.0023,2026-07-23,רנט איט אגח ב,"אג""ח קונצרני"
1231463,1.009,2026-07-23,וויי בוקס אג ז,"אג""ח להמרה"
1231505,1.0355,2026-07-23,ספיר פקדון אגחה,"אג""ח מובנות"
1231687,1.08,2026-07-23,אבו מגורים אגחא,"אג""ח קונצרני"
1231737,1.0323,2026-07-23,מרב פקדון אגח ה,"אג""ח מובנות"
1231828,0.9923,2026-07-23,נאוויטס אגח ח,"אג""ח קונצרני"
1231851,10.2587,2026-07-23,דיסק מנ מסחרי 7,"ני""ע מסחריים"
1231943,1.01,2026-07-23,אמטראסט אגח ב,"אג""ח קונצרני"
1231968,10.27,2026-07-23,פז אנרג מסחרי 2,"ני""ע מסחריים"
1231976,10.2611,2026-07-23,ישראכרט מסחרי 5,"ני""ע מסחריים"
1232008,17.73,2026-07-23,עמל הולדינגס,מניה רגילה
1232099,10.26,2026-07-23,בינל הנפ מסחרי2,"ני""ע מסחריים"
1232115,3.219,2026-07-23,מור גמל פנ אפ 1,אופציה למניה
1232123,0.9536,2026-07-23,מור גמל פנ אגחא,"אג""ח קונצרני"
1232727,1.0289,2026-07-23,ירושליםהנ אגח כ,"אג""ח קונצרני"
1232750,1.796,2026-07-23,אוריון,מניה רגילה
1232768,1.0407,2026-07-23,אוריון נכס אגחא,"אג""ח קונצרני"
1232776,0.9549,2026-07-23,אוריון נכס אגחב,"אג""ח קונצרני"
1232834,1.0194,2026-07-23,ארפורט אגח יג,"אג""ח קונצרני"
1232842,1.0148,2026-07-23,ארפורט אגח יד,"אג""ח קונצרני"
1232867,1.0215,2026-07-23,איסתא נכס אגח א,"אג""ח קונצרני"
1232875,0.29,2026-07-23,סימד הולד אגח א,"אג""ח קונצרני"
1232941,1.0353,2026-07-23,הכשרת ישוב אג27,"אג""ח קונצרני"
1232974,1.0216,2026-07-23,ישפרו אגח ד,"אג""ח קונצרני"
1233006,0.586,2026-07-23,אפולו פאוור אפ9,אופציה למניה
1233014,20.68,2026-07-23,סוגת,מניה רגילה
1233097,0.9659,2026-07-23,ווסטדייל אגח ד,"אג""ח קונצרני"
1233113,1.0293,2026-07-23,מגדל הון אגח יז,"אג""ח קונצרני"
1233139,1.0283,2026-07-23,מגדל הון אגח יח,"אג""ח קונצרני"
1233162,1.0005,2026-07-23,לוי אגח ט,"אג""ח קונצרני"
1233238,1.0314,2026-07-23,מליסרון אגח כב,"אג""ח קונצרני"
1233311,1.0573,2026-07-23,דליה אגח ג,"אג""ח קונצרני"
1233352,0.745,2026-07-23,סאטל אגח א,"אג""ח קונצרני"
1233386,1.0225,2026-07-23,קטה גרופ אגח א,"אג""ח קונצרני"
1233410,10.25,2026-07-23,מימון יש מסחרי5,"ני""ע מסחריים"
1233493,17.7,2026-07-23,עומר הנדסה,מניה רגילה
1233550,0.9793,2026-07-23,יעז יזמות אגח א,"אג""ח קונצרני"
1233576,1.0309,2026-07-23,פועלים אגח 103,"אג""ח קונצרני"
1233634,1.0083,2026-07-23,גבאי קב אגח ב,"אג""ח קונצרני"
1233691,0.9888,2026-07-23,בוני תכון אגחכג,"אג""ח קונצרני"
1233717,5.22,2026-07-23,אנרג'יקס אפ 4,אופציה למניה
1233758,0.993,2026-07-23,יוזמות אגח ב,"אג""ח קונצרני"
1233782,1.0032,2026-07-23,ממשל שקלית 0731,"אג""ח ממשלתי שחר"
1233832,1.025,2026-07-23,תורג'מן אגח א,"אג""ח קונצרני"
1234327,1.0022,2026-07-23,אמ.די.ג'י אגחיא,"אג""ח קונצרני"
1234376,0.9174,2026-07-23,מגוריט אגח יא,"אג""ח קונצרני"
1234418,10.21,2026-07-23,דיסק מנ מסחרי 8,"ני""ע מסחריים"
1234426,1.0247,2026-07-23,דיסקנט מנ נד יט,אגח הוני ניתן למחיקה
1234434,1.0209,2026-07-23,דיסק מנ אגח יח,"אג""ח קונצרני"
1234459,1.0027,2026-07-23,נמקו אגח ז,"אג""ח קונצרני"
1234491,1.015,2026-07-23,ריט אזורים אגחד,"אג""ח קונצרני"
1234525,1.826,2026-07-23,פינרג'י אפ 4,אופציה למניה
1234574,1.0243,2026-07-23,אי.אס.איי אגח א,"אג""ח קונצרני"
1234590,0.9859,2026-07-23,מגידו אגח ב,"אג""ח קונצרני"
1234632,1.121,2026-07-23,הפניקס אגח 7,"אג""ח להמרה"
1234673,0.987,2026-07-23,אקסל אגח א,"אג""ח קונצרני"
1234699,0.898,2026-07-23,אקסל אפ 11,אופציה למניה
1234798,1.0061,2026-07-23,צרפתי אגח יד,"אג""ח קונצרני"
1234814,0.9961,2026-07-23,אמריקן אק אגח ב,"אג""ח קונצרני"
1234889,0.982,2026-07-23,אוריין אגח ג,"אג""ח קונצרני"
1234897,3.514,2026-07-23,אוריין אפ 1,אופציה למניה
1234913,0.87,2026-07-23,אבו מגורים אפ 1,אופציה למניה
1234921,0.119,2026-07-23,אבו מגורים אפ 2,אופציה למניה
1234947,1.0058,2026-07-23,מניף אגח ד,"אג""ח קונצרני"
1235001,36.4,2026-07-23,"רמי לוי נדל""ן",מניה רגילה
1235019,4.001,2026-07-23,"רמי נדל""ן אפ 1",אופציה למניה
1235035,10.19,2026-07-23,לאומי מסחרי 10,"ני""ע מסחריים"
1235050,0.812,2026-07-23,מותג עירוני אפ1,אופציה למניה
1235068,0.957,2026-07-23,מותג עירוני אפ2,אופציה למניה
1235084,1.0096,2026-07-23,יש קנ מלו אגח א,"אג""ח קונצרני"
1235175,0.9959,2026-07-23,פאי סיאם אגח ג,"אג""ח קונצרני"
1235191,0.517,2026-07-23,שוב אנרגיה אפ 1,אופציה למניה
1235233,1.0205,2026-07-23,אקונרג'י אגח ג,"אג""ח קונצרני"
1235274,41.29,2026-07-23,תדיראן גרופ אפ1,אופציה למניה
1235282,0.9234,2026-07-23,תדיראן גרו אגח5,"אג""ח קונצרני"
1235779,1.0175,2026-07-23,אלבן השק אגח א,"אג""ח קונצרני"
1235852,1.0322,2026-07-23,אספן גרופ אגחיא,"אג""ח קונצרני"
1235878,1.027,2026-07-23,אפריקה מג אגח ו,"אג""ח קונצרני"
1235894,1.0209,2026-07-23,איביאי פק אגח ו,"אג""ח מובנות"
1235944,1.023,2026-07-23,הראל פיקד אגח ה,"אג""ח מובנות"
1235969,0.9,2026-07-23,מטריקס אג 2,"אג""ח להמרה"
1236009,10.21,2026-07-23,יוניברסל מסחרי2,"ני""ע מסחריים"
1236132,1.012,2026-07-23,מגוריט אפ 1,אופציה למניה
1236181,1.0171,2026-07-23,ביג אגח כה,"אג""ח קונצרני"
1236207,33.39,2026-07-23,אינפליי,מניה רגילה
1236249,1.0118,2026-07-23,אינפליי אגח א,"אג""ח קונצרני"
1236256,1.0177,2026-07-23,אביעד פקדוןאגחו,"אג""ח מובנות"
1236264,0.122,2026-07-23,מילניום פוד אפ2,אופציה ליח' השתתפות
1236280,0.8669,2026-07-23,איה ניורק אגח א,"אג""ח קונצרני"
1236314,0.9962,2026-07-23,אלביט נד אגח יא,"אג""ח קונצרני"
1236330,0.087,2026-07-23,רגא שרותים אפ 3,אופציה למניה
1236413,1.0056,2026-07-23,מהדרין אגח ב,"אג""ח קונצרני"
1236470,1.0198,2026-07-23,וילאר אגח יב,"אג""ח קונצרני"
1236538,1.0172,2026-07-23,פרשקובסקי אגחיז,"אג""ח קונצרני"
1236553,0.9576,2026-07-23,לייטסטון אגח ז,"אג""ח קונצרני"
1236678,1.0193,2026-07-23,קרסו מוט אגח ז,"אג""ח קונצרני"
1236694,1.014,2026-07-23,פריים אנרג אגחד,"אג""ח קונצרני"
1236736,1033.1,2026-07-23,פאלו אלטו,מניה רגילה
1236827,0.479,2026-07-23,סטורג' אפ 10,אופציה למניה
1236884,1.0174,2026-07-23,ספיר פקדון אגחו,"אג""ח מובנות"
1236900,0.943,2026-07-23,סופרין אגח ג,"אג""ח קונצרני"
1236918,0.39,2026-07-23,סופרין אפ 1,אופציה למניה
1236934,1.0099,2026-07-23,דור אלון אגח ט,"אג""ח קונצרני"
1236959,1.0206,2026-07-23,דניאל פק אגח ד,"אג""ח מובנות"
1236967,28.09,2026-07-23,אולטרייד,מניה רגילה
1237031,5.93,2026-07-23,פרודלים השקעות,מניה רגילה
1237171,1.0102,2026-07-23,אלעד יואס אגח א,"אג""ח קונצרני"
1237197,1.0171,2026-07-23,רם אדרת אגח ד,"אג""ח קונצרני"
1237205,0.9974,2026-07-23,ממשל צמודה 0837,"אג""ח ממשלתי גליל"
1237239,1.0323,2026-07-23,נכסים בנ אגח יב,"אג""ח קונצרני"
1237247,1.0069,2026-07-23,נכסים בנ אגח יג,"אג""ח קונצרני"
1237734,1.0164,2026-07-23,רייסדור אגח ב,"אג""ח קונצרני"
1237742,25.45,2026-07-23,סמארט שוטר,מניה רגילה
1237874,0.9,2026-07-23,קוהאן אגח א,"אג""ח קונצרני"
1238013,16,2026-07-23,דיאסאייטי,מניה רגילה
1238062,1.0209,2026-07-23,פועלים אגח 104,"אג""ח קונצרני"
1238179,10.1241,2026-07-23,לאומי מסחרי 11,"ני""ע מסחריים"
1238187,0.52,2026-07-23,הום ביוגז אפ 1,אופציה למניה
1238195,1.034,2026-07-23,לאומי התח נד407,אגח הוני ניתן להמרה
1238237,1.0233,2026-07-23,בינל הנפק אגחיד,"אג""ח קונצרני"
1238245,10.1328,2026-07-23,בינל הנפ מסחרי3,"ני""ע מסחריים"
1238294,0.217,2026-07-23,סקודיקס אפ 2,אופציה למניה
1238336,0.9924,2026-07-23,מניבים ריט אגחה,"אג""ח קונצרני"
1238344,0.178,2026-07-23,מניבים ריט אפ 5,אופציה למניה
1238427,24.54,2026-07-23,מנרב,מניה רגילה
1238476,10.1224,2026-07-23,מקס איט מסחרי 6,"ני""ע מסחריים"
1238500,1.0494,2026-07-23,נופר אנרג אגח ה,"אג""ח קונצרני"
1238518,1.077,2026-07-23,אלומה אג 1,"אג""ח להמרה"
1238583,1.0345,2026-07-23,שדה נדלן אגח א,"אג""ח קונצרני"
1238617,1.0321,2026-07-23,מלרן אגח ז,"אג""ח קונצרני"
1238633,1.0385,2026-07-23,דלק קב אגח מב,"אג""ח קונצרני"
1239185,14.21,2026-07-23,אודיסייט,מניה רגילה
1239326,10.1036,2026-07-23,פועלים מסחרי 3,"ני""ע מסחריים"
1239334,1.0282,2026-07-23,כלל ביטוח אגח ד,"אג""ח קונצרני"
1239383,10.1,2026-07-23,דיסק מנ מסחרי 9,"ני""ע מסחריים"
1239409,1.0159,2026-07-23,פאי ריבית אגח ג,"אג""ח מובנות"
1239458,1.0155,2026-07-23,איביאי פק אגח ז,"אג""ח מובנות"
1239474,10.105,2026-07-23,נאוי מסחרי 12,"ני""ע מסחריים"
1239524,10.0964,2026-07-23,לאומי מסחרי 12,"ני""ע מסחריים"
1239540,1.0214,2026-07-23,מגדל הון אגח יט,אגח הוני ניתן למחיקה
1239623,1.0219,2026-07-23,מ.ו השקע אגח ה,"אג""ח קונצרני"
1239656,1.029,2026-07-23,חשמל אגח 38,"אג""ח קונצרני"
1239664,1.0686,2026-07-23,חשמל אגח 39,"אג""ח קונצרני"
1239680,10.1,2026-07-23,מימון יש מסחרי6,"ני""ע מסחריים"
1239722,1.0024,2026-07-23,מויניאן אגח א,"אג""ח קונצרני"
1239920,1.0108,2026-07-23,דניאל פק אגח ו,"אג""ח מובנות"
1239946,1.0098,2026-07-23,ספיר פקדון אגחז,"אג""ח מובנות"
1240589,1.0149,2026-07-23,אנקור פרופ אגחו,"אג""ח קונצרני"
1240605,1.0122,2026-07-23,אביעד פקדוןאגחז,"אג""ח מובנות"
1240613,1.0478,2026-07-23,מרב פקדון אגח ו,"אג""ח מובנות"
1240704,1.0117,2026-07-23,פאי ריבית אגח ד,"אג""ח מובנות"
1240761,1.0123,2026-07-23,הראל ריב אגח ו,"אג""ח מובנות"
1240811,1.0198,2026-07-23,פוקס אגח ב,"אג""ח קונצרני"
1240845,1.0102,2026-07-23,עמרם אברהם אגחד,"אג""ח קונצרני"
1240860,0.8833,2026-07-23,מגוריט אגח יב,"אג""ח קונצרני"
1241058,1.007,2026-07-23,ישראל קנדה אגחט,"אג""ח קונצרני"
1241066,0.9989,2026-07-23,ברנד אגח ג,"אג""ח קונצרני"
1241132,10.0859,2026-07-23,גב ים מסחרי 4,"ני""ע מסחריים"
1241173,1.0088,2026-07-23,פאי פיקדון אגחה,"אג""ח מובנות"
1241231,0.9945,2026-07-23,חגג אירופה אגחו,"אג""ח קונצרני"
1241355,0.9854,2026-07-23,סטרברי אנ אגח ג,"אג""ח קונצרני"
1241363,2.449,2026-07-23,סטרוברי אנ אפ 1,אופציה למניה
1241660,10.0521,2026-07-23,בינל הנפ מסחרי4,"ני""ע מסחריים"
1241801,10.05,2026-07-23,מליסרון מסחרי 6,"ני""ע מסחריים"
1241900,1.0068,2026-07-23,ישרס אגח כ,"אג""ח קונצרני"
1241926,10.036,2026-07-23,אפי נכס מסחרי 6,"ני""ע מסחריים"
1241942,1.0084,2026-07-23,מיכל פק אגח א,"אג""ח מובנות"
1241967,1.0036,2026-07-23,אפי נכסים אגחיח,"אג""ח קונצרני"
1241991,1.002,2026-07-23,ממשל שקלית 0530,"אג""ח ממשלתי שחר"
1242437,0.989,2026-07-23,אמ אר אר אגח ג,"אג""ח קונצרני"
1242452,0.9986,2026-07-23,איביאי פק אגח ח,"אג""ח מובנות"
1242502,5.739,2026-07-23,סטארק פאו אפ3,אופציה למניה
1242510,7.511,2026-07-23,סטארק פאו אפ4,אופציה למניה
1242528,142.7,2026-07-23,קבוצת תדהר,מניה רגילה
1242585,0.9941,2026-07-23,בזן אגח יז,"אג""ח קונצרני"
1242593,0.998,2026-07-23,הראל הנפק נד כד,אגח הוני ניתן למחיקה
1242601,1.0096,2026-07-23,מימון ישיר אגחח,"אג""ח קונצרני"
1242650,15.77,2026-07-23,בסט קבוצה,מניה רגילה
1242700,0.9989,2026-07-23,איילון התח נד ו,אגח הוני ניתן למחיקה
1242726,23.11,2026-07-23,רוסטיק בייקרי,מניה רגילה
1242791,0.506,2026-07-23,תיגי אופ 2,אופציה למניה
1242825,1.0084,2026-07-23,גמא אגח ה,"אג""ח קונצרני"
1242882,11.05,2026-07-23,בגירה,מניה רגילה
1242932,1.0004,2026-07-23,יילוסטון אגח א,"אג""ח קונצרני"
1242981,1.0254,2026-07-23,אזורים מיר אגחא,"אג""ח קונצרני"
1243013,72.08,2026-07-23,טי אנד אם,מניה רגילה
1243088,1.0005,2026-07-23,מז טפ הנ אגח 72,"אג""ח קונצרני"
1243096,1.0099,2026-07-23,מז טפ הנפ נד 73,אגח הוני ניתן למחיקה
1243104,10.0407,2026-07-23,מז טפ הנפמסחרי6,"ני""ע מסחריים"
1243112,9.62,2026-07-23,גלעם,מניה רגילה
1243153,0.199,2026-07-23,אוריון אפ 1,אופציה למניה
1243161,0.341,2026-07-23,אוריון אפ 2,אופציה למניה
1243211,0.582,2026-07-23,ג'נריישן קפ אפ2,אופציה למניה
1243229,0.88,2026-07-23,ג'נריישן קפ אפ3,אופציה למניה
1243245,7.969,2026-07-23,עלמדב ריל,מניה רגילה
1243252,1.811,2026-07-23,עלמדב ריל אפ 1,אופציה למניה
1243302,1.0042,2026-07-23,פאי ריבית אגח ה,"אג""ח מובנות"
1243328,0.9952,2026-07-23,עזריאלי אגח יא,"אג""ח קונצרני"
1243351,1.0036,2026-07-23,מיכל פק אגח ב,"אג""ח מובנות"
1243401,1.0063,2026-07-23,מבנה אגח כז,"אג""ח קונצרני"
1243419,0.192,2026-07-23,גבעות אפ 33,אופציה ליח' השתתפות
1243468,1.01,2026-07-23,רם מוג אר אגח א,"אג""ח קונצרני"
1243591,1.007,2026-07-23,פתאל החז אגח ו,"אג""ח קונצרני"
1243617,0.9462,2026-07-23,טיאסג'י אגח א,"אג""ח קונצרני"
1243625,69.08,2026-07-23,טיאסג'י אפ 1,אופציה למניה
1243732,1.0072,2026-07-23,אביב קב אגח א,"אג""ח קונצרני"
1243757,53.11,2026-07-23,דלק ייזום,מניה רגילה
1243823,0.508,2026-07-23,פלסטופיל אפ 1,אופציה למניה
1243831,10.0011,2026-07-23,דניה סיבוס נעמ1,"ני""ע מסחריים"
1243864,0.251,2026-07-23,פיט השקעות אפ 1,אופציה ליח' השתתפות
1243898,10.0162,2026-07-23,בינל הנפ מסחרי5,"ני""ע מסחריים"
1243948,10.03,2026-07-23,סאמיט מסחרי 4,"ני""ע מסחריים"
1244474,1.0144,2026-07-23,ברן אגח ד,"אג""ח קונצרני"
1244490,0.9969,2026-07-23,אביגם אגח א,"אג""ח קונצרני"
1244524,1.005,2026-07-23,פועלים אגח 105,"אג""ח קונצרני"
1244532,0.9882,2026-07-23,פועלים אגח 106,"אג""ח קונצרני"
1244581,4.644,2026-07-23,קאנדו דרונס,מניה רגילה
1244599,1.133,2026-07-23,קאנדו דרונס אפ1,אופציה למניה
1244631,6.547,2026-07-23,סולה אנרגיות,מניה רגילה
1244649,1.968,2026-07-23,סולה אנרג אפ 1,אופציה למניה
1244680,0.994,2026-07-23,עמים יזמות אגחא,"אג""ח קונצרני"
1244730,44.7,2026-07-23,רפק אנרג'י,מניה רגילה
1244789,0.842,2026-07-23,אפולו פאור אפ10,אופציה למניה
1244821,1.0007,2026-07-23,דניאל פק אגח ה,"אג""ח מובנות"
1244847,0.99,2026-07-23,מספנות ישר אגחא,"אג""ח קונצרני"
1244862,0.9916,2026-07-23,אקונרג'י אגח ד,"אג""ח קונצרני"
1244888,15.8,2026-07-23,מעבדות רפא,מניה רגילה
1244896,2.9,2026-07-23,מעבדות רפא אר 1,אופצית רכישה
1244938,0.9997,2026-07-23,מיכל פק אגח ג,"אג""ח מובנות"
1244946,0.101,2026-07-23,ריי טי אל אפ1,אופציה למניה
1245000,10.005,2026-07-23,לאומי מסחרי 13,"ני""ע מסחריים"
1245026,0.993,2026-07-23,אלמוגים אגח יג,"אג""ח קונצרני"
1245042,0.9988,2026-07-23,סאנפלאואר אגח ה,"אג""ח קונצרני"
1245067,1.0009,2026-07-23,ספיר פקדון אגחח,"אג""ח מובנות"
1245091,0.9918,2026-07-23,סי לאונרדו אגחא,"אג""ח קונצרני"
1245125,1.0007,2026-07-23,איביאי רב אגח א,"אג""ח מובנות"
1245158,10,2026-07-23,פוקס מסחרי 1,"ני""ע מסחריים"
1260603,1.207,2026-07-23,ג'י סיטי אגח יב,"אג""ח קונצרני"
1260652,1.2129,2026-07-23,ג'י סיטי אגח יג,"אג""ח קונצרני"
1260736,1.08,2026-07-23,ג'י סיטי אגח יד,"אג""ח קונצרני"
1260769,1.1926,2026-07-23,ג'י סיטי אגח טו,"אג""ח קונצרני"
1260785,1.1389,2026-07-23,ג'י סיטי אגח טז,"אג""ח קונצרני"
1380047,1.9485,2026-07-23,ארזים אגח 2,"אג""ח קונצרני"
1380104,1.136,2026-07-23,ארזים אגח 4,"אג""ח קונצרני"
1550169,1.1315,2026-07-23,מנרב אגח ד,"אג""ח קונצרני"
1820083,3.751,2026-07-23,אדגר,מניה רגילה
1820208,1.2195,2026-07-23,אדגר אגח י,"אג""ח קונצרני"
1820281,1.1986,2026-07-23,אדגר אגח יא,"אג""ח קונצרני"
1820331,1.0989,2026-07-23,אדגר אגח יב,"אג""ח קונצרני"
2000206,1.0145,2026-07-23,לוינסקי אגח ד,"אג""ח קונצרני"
2260438,1.0279,2026-07-23,מבנה אגח טז,"אג""ח קונצרני"
2260446,1.228,2026-07-23,מבנה אגח יז,"אג""ח קונצרני"
2260487,1.2107,2026-07-23,מבנה אגח יט,"אג""ח קונצרני"
2260495,1.2254,2026-07-23,מבנה אגח כ,"אג""ח קונצרני"
2260545,1.2122,2026-07-23,מבנה אגח כג,"אג""ח קונצרני"
2260552,1.2148,2026-07-23,מבנה אגח כד,"אג""ח קונצרני"
2260636,1.0635,2026-07-23,מבנה אגח כה,"אג""ח קונצרני"
2300234,0.9904,2026-07-23,בזק אגח 11,"אג""ח קונצרני"
2300242,1.1704,2026-07-23,בזק אגח 12,"אג""ח קונצרני"
2300309,0.9146,2026-07-23,בזק אגח 13,"אג""ח קונצרני"
2300317,1.0395,2026-07-23,בזק אגח 14,"אג""ח קונצרני"
2310183,1.2634,2026-07-23,מז טפ הנפק 42,"אג""ח קונצרני"
2310225,1.209,2026-07-23,מז טפ הנפק 46,"אג""ח קונצרני"
2310381,1.1065,2026-07-23,מז טפ הנפק 52,"אג""ח קונצרני"
2310464,1.1793,2026-07-23,מז טפ הנפ אגח61,"אג""ח קונצרני"
2310498,1.1177,2026-07-23,מז טפ הנ אגח 62,"אג""ח קונצרני"
2310548,0.9774,2026-07-23,מז טפ הנ אגח 63,"אג""ח קונצרני"
2310555,1.0943,2026-07-23,מז טפ הנ אגח 64,"אג""ח קונצרני"
2320224,0.8793,2026-07-23,ישראמקו אגח ב,"אג""ח קונצרני"
2320232,0.9686,2026-07-23,ישראמקו אגח ג,"אג""ח קונצרני"
2350130,1,2026-07-23,בית הזהב אגח ד,"אג""ח קונצרני"
2380053,0.9773,2026-07-23,ממן אגח ג,"אג""ח קונצרני"
2510170,1.0338,2026-07-23,אשטרום נכ אגח 9,"אג""ח קונצרני"
2510204,1.2126,2026-07-23,אשטרום נכ אגח10,"אג""ח קונצרני"
2510238,1.186,2026-07-23,אשטרום נכ אגח11,"אג""ח קונצרני"
2510279,1.1723,2026-07-23,אשטרום נכ אגח12,"אג""ח קונצרני"
2510303,1.1271,2026-07-23,אשטרום נכ אגח13,"אג""ח קונצרני"
2560209,0.9969,2026-07-23,פורמולה אגח ג,"אג""ח קונצרני"
2580132,0.9573,2026-07-23,תדיראן גרו אגח3,"אג""ח קונצרני"
2590248,1.99,2026-07-23,בזן,מניה רגילה
2590511,0.9783,2026-07-23,בזן אגח י,"אג""ח קונצרני"
2590578,1.0292,2026-07-23,בזן אגח יב,"אג""ח קונצרני"
2810372,0.892,2026-07-23,אייסיאל אגח ז,"אג""ח קונצרני"
3130390,1.178,2026-07-23,אספן גרופ אגח ח,"אג""ח קונצרני"
3130424,1.116,2026-07-23,אספן גרופ אגח ט,"אג""ח קונצרני"
3230265,1.2106,2026-07-23,מליסרון אגח טז,"אג""ח קונצרני"
3230273,1.2132,2026-07-23,מליסרון אגח יז,"אג""ח קונצרני"
3230372,1.1594,2026-07-23,מליסרון אגח יח,"אג""ח קונצרני"
3230398,1.1698,2026-07-23,מליסרון אגח יט,"אג""ח קונצרני"
3230422,1.0853,2026-07-23,מליסרון אגח כ,"אג""ח קונצרני"
3660156,1.143,2026-07-23,ארי נדלן אגח א,"אג""ח קונצרני"
3730579,1.0063,2026-07-23,אאורה אגח טז,"אג""ח קונצרני"
3870169,1.1746,2026-07-23,אלרוב נדלן אגחה,"אג""ח קונצרני"
3870185,1.1436,2026-07-23,אלרוב נדלן אגחו,"אג""ח קונצרני"
3900354,1.0137,2026-07-23,אלוני חץ אגח ט,"אג""ח קונצרני"
3900362,1.0157,2026-07-23,אלוני חץ אגח י,"אג""ח קונצרני"
3900487,0.9679,2026-07-23,אלוני חץ אגח יא,אגח משלם במניות
3900495,0.9635,2026-07-23,אלוני חץ אגח יב,"אג""ח קונצרני"
4160164,1.2039,2026-07-23,וילאר אגח ט,"אג""ח קונצרני"
4220372,1.1141,2026-07-23,אסאר אקורד אגחב,"אג""ח קונצרני"
4250270,1.01,2026-07-23,צרפתי אגח יב,"אג""ח קונצרני"
4340212,0.9975,2026-07-23,ישראל קנדה אגחז,"אג""ח קונצרני"
4730180,0.997,2026-07-23,לוזון קב אג ט,"אג""ח להמרה"
5010129,71.33,2026-07-23,אלקטרה צריכה,מניה רגילה
5010335,0.962,2026-07-23,אלקטרה צר אגח א,"אג""ח קונצרני"
5390273,1.0022,2026-07-23,רוטשטיין אגח י,"אג""ח קונצרני"
5440284,1.0749,2026-07-23,מידאס אגח ד,"אג""ח קונצרני"
5660063,1.0227,2026-07-23,מנורה מב אגח ג,"אג""ח קונצרני"
5760251,1.0105,2026-07-23,חברהלישראלאגח12,"אג""ח קונצרני"
5760269,0.8923,2026-07-23,חברהלישראלאגח13,"אג""ח קונצרני"
5760301,0.9773,2026-07-23,חברהלישראלאגח14,"אג""ח קונצרני"
5760327,0.9834,2026-07-23,חברהלישראלאגח15,"אג""ח קונצרני"
5780168,1.2155,2026-07-23,אפקון החז אגח ד,"אג""ח קונצרני"
5850110,0.9106,2026-07-23,הראל השק אגח א,"אג""ח קונצרני"
6000210,1.2561,2026-07-23,חשמל אגח 27,"אג""ח קונצרני"
6000285,1.2087,2026-07-23,חשמל אגח 31,"אג""ח קונצרני"
6000384,1.1638,2026-07-23,חשמל אגח 32,"אג""ח קונצרני"
6000392,1.0395,2026-07-23,חשמל אגח 33,"אג""ח קונצרני"
6040398,1.2173,2026-07-23,לאומי התח נד402,אגח הוני ניתן להמרה
6040539,1.1375,2026-07-23,לאומי אגח 182,"אג""ח קונצרני"
6040547,1.0906,2026-07-23,לאומי אגח 183,"אג""ח קונצרני"
6040604,0.9855,2026-07-23,לאומי אגח 184,"אג""ח קונצרני"
6040620,1.1438,2026-07-23,לאומי התח נד405,אגח הוני ניתן להמרה
6120224,1.1985,2026-07-23,הכשרת ישוב אג21,"אג""ח קונצרני"
6120240,1.1972,2026-07-23,הכשרת ישוב אג22,"אג""ח קונצרני"
6120323,1.2106,2026-07-23,הכשרת ישוב אג23,"אג""ח קונצרני"
6130199,1.0272,2026-07-23,ישרס אגח יד,"אג""ח קונצרני"
6130207,1.2039,2026-07-23,ישרס אגח טו,"אג""ח קונצרני"
6130223,1.223,2026-07-23,ישרס אגח טז,"אג""ח קונצרני"
6130280,1.1344,2026-07-23,ישרס אגח יח,"אג""ח קונצרני"
6130348,1.1055,2026-07-23,ישרס אגח יט,"אג""ח קונצרני"
6270144,1.0334,2026-07-23,דלתא גליל אגח א,"אג""ח קונצרני"
6270193,0.8411,2026-07-23,דלתא גליל אגח ו,"אג""ח קונצרני"
6390348,1.0038,2026-07-23,דיסק השק אגח י,"אג""ח קונצרני"
6390405,0.995,2026-07-23,דיסק השק אגח יא,"אג""ח קונצרני"
6620462,1.2266,2026-07-23,פועלים התח נד ה,אגח הוני ניתן להמרה
6620488,0.9776,2026-07-23,פועלים אגח 100,"אג""ח קונצרני"
6620496,1.1033,2026-07-23,פועלים אגח 200,"אג""ח קונצרני"
6620553,1.1398,2026-07-23,פועלים התח נד ו,אגח הוני ניתן להמרה
6940233,0.9769,2026-07-23,אלקו אגח יג,"אג""ח קונצרני"
7150410,0.997,2026-07-23,אזורים אגח 13,"אג""ח קונצרני"
7150444,0.9832,2026-07-23,אזורים אגח 14,"אג""ח קונצרני"
7150451,1.1185,2026-07-23,אזורים אגח 15,"אג""ח קונצרני"
7190242,1.0254,2026-07-23,לוי אגח ח,"אג""ח קונצרני"
7200173,1.0129,2026-07-23,אנלייט אנר אגחו,"אג""ח קונצרני"
7200249,1.321,2026-07-23,אנלייט אנר אג ג,"אג""ח להמרה"
7200256,0.9544,2026-07-23,אנלייט אנ אגח ד,"אג""ח קונצרני"
7300171,1.2175,2026-07-23,צור אגח י,"אג""ח קונצרני"
7300247,1.1631,2026-07-23,צור אגח יא,"אג""ח קונצרני"
7390222,1.001,2026-07-23,אלקטרה אגח ה,"אג""ח קונצרני"
7390263,0.9114,2026-07-23,אלקטרה אגח ו,"אג""ח קונצרני"
7460389,0.9934,2026-07-23,שטראוס אגח ה,"אג""ח קונצרני"
7460421,0.8863,2026-07-23,שטראוס אגח ו,"אג""ח קונצרני"
7480163,0.9898,2026-07-23,דיסק מנ אגח יד,"אג""ח קונצרני"
7480304,1.1026,2026-07-23,דיסק מנ אגח טו,"אג""ח קונצרני"
7480312,1.1371,2026-07-23,דיסקונט מנ נד ח,אגח הוני ניתן למחיקה
7550148,0.8944,2026-07-23,אקויטל אגח 3,"אג""ח קונצרני"
7590151,0.9341,2026-07-23,גב ים אגח ח,"אג""ח קונצרני"
7590219,1.1102,2026-07-23,גב ים אגח ט,"אג""ח קונצרני"
7590284,1.0738,2026-07-23,גב ים אגח י,"אג""ח קונצרני"
7670250,1.0205,2026-07-23,הפניקס אגח 4,"אג""ח קונצרני"
7670284,1.1391,2026-07-23,הפניקס אגח 5,"אג""ח קונצרני"
7670334,0.9329,2026-07-23,הפניקס אגח 6,"אג""ח קונצרני"
7710262,0.9974,2026-07-23,גבאי מניבאגח יב,"אג""ח קונצרני"
7710296,1.0036,2026-07-23,גבאי מניבאגח יג,"אג""ח קונצרני"
7770191,1.2394,2026-07-23,שופרסל אגח ד,"אג""ח קונצרני"
7770209,1.0599,2026-07-23,שופרסל אגח ה,"אג""ח קונצרני"
7770217,1.2663,2026-07-23,שופרסל אגח ו,"אג""ח קונצרני"
7770258,1.0061,2026-07-23,שופרסל אגח ז,"אג""ח קונצרני"
8230328,0.983,2026-07-23,חג'ג' אגח יא,"אג""ח קונצרני"
8230377,1.1272,2026-07-23,חג'ג' אגח יב,"אג""ח קונצרני"
8260812,0.9989,2026-07-23,מ.ק.מ. 816,מלוה קצר מועד
8260911,0.9964,2026-07-23,מ.ק.מ. 916,מלוה קצר מועד
8261018,0.9934,2026-07-23,מ.ק.מ. 1016,מלוה קצר מועד
8261117,0.991,2026-07-23,מ.ק.מ. 1116,מלוה קצר מועד
8261216,0.9885,2026-07-23,מ.ק.מ. 1216,מלוה קצר מועד
8270118,0.9854,2026-07-23,מ.ק.מ. 117,מלוה קצר מועד
8270217,0.9827,2026-07-23,מ.ק.מ 217,מלוה קצר מועד
8270316,0.9807,2026-07-23,מ.ק.מ 317,מלוה קצר מועד
8270415,0.9773,2026-07-23,מ.ק.מ. 417,מלוה קצר מועד
8270514,0.9747,2026-07-23,מ.ק.מ. 517,מלוה קצר מועד
8270613,0.9725,2026-07-23,מ.ק.מ. 617,מלוה קצר מועד
8270712,0.9695,2026-07-23,מ.ק.מ 717,מלוה קצר מועד
